PLATO 20 PANDO X20 KANG|PLATO 20 PANDO X20 KANG|25120.0
PLATO 12 HONDO X20 KANG|PLATO 12 HONDO X20 KANG|8420.0
PLATO 12 PANDO X20 KANG|PLATO 12 PANDO X20 KANG|8420.0
PLATO 155 PANDO X20 KANG|PLATO 155 PANDO X20 KANG|14000.0
PLATO 155 HONDO X20 KANG|PLATO 155 HONDO X20 KANG|18680.0
PLATO 23 PANDO X20 KANG|PLATO 23 PANDO X20 KANG|28700.0
PORTACOMIDA J1 X200 KANG|PORTACOMIDA J1 X200 KANG|44400.0
PORTACOMIDA J2 X200 KANG|PORTACOMIDA J2 X200 KANG|51450.0
PORTACOMIDA C1 X400 KANG|PORTACOMIDA C1 X400 KANG|82391.0
PORTACOMIDA P-3 X200 KANG|PORTACOMIDA P-3 X200 KANG|52150.0
PLATO 18 PANDO X20 KANG|PLATO 18 PANDO X20 KANG|19000.0
PLATO 26 PANDO X20 KANG|PLATO 26 PANDO X20 KANG|39400.0
PLATO 30 HONDO X20 KANG|PLATO 30 HONDO X20 KANG|39450.0
PLATO 12 PANDO X500 (5 ONZ)|PLATO 12 PANDO X500 (5 ONZ)|22370.0
PLATO 15.5 PANDO X500 (12 ONZ)|PLATO 15.5 PANDO X500 (12 ONZ)|36880.0
PLATO 18 PANDO X500|PLATO 18 PANDO X500|50220.0
PLATO 20 PANDO X500|PLATO 20 PANDO X500|63300.0
PLATO 23 PANDO X500|PLATO 23 PANDO X500|75850.0
PLATO 23 DIVISION X500|PLATO 23 DIVISION X500|75850.0
PLATO 26 PANDO X500|PLATO 26 PANDO X500|104230.0
PLATO 26 DIVISION X500|PLATO 26 DIVISION X500|104230.0
BANDEJA 19.5 OVALADO X200|BANDEJA 19.5 OVALADO X200|33870.0
CYRELES|CYRELES|0.0
PLATO 12 PANDO X20 (5 ONZ)|PLATO 12 PANDO X20 (5 ONZ)|24460.0
PLATO 15.5 PANDO X20 (12 ONZ)|PLATO 15.5 PANDO X20 (12 ONZ)|40410.0
PLATO 18 PANDO X20|PLATO 18 PANDO X20|54930.0
PLATO 20 PANDO X20|PLATO 20 PANDO X20|69310.0
PLATO 23 PANDO X20|PLATO 23 PANDO X20|83040.0
PLATO 23 DIVISION X20|PLATO 23 DIVISION X20|83040.0
PLATO 26 PANDO X20|PLATO 26 PANDO X20|114030.0
PLATO 26 DIVISION X20|PLATO 26 DIVISION X20|114030.0
BANDEJA 19.5 OVALADO X20|BANDEJA 19.5 OVALADO X20|38720.0
PLATO 12 HONDO X500 (5 ONZ)|PLATO 12 HONDO X500 (5 ONZ)|22370.0
PLATO 15.5 HONDO X500 (12 ONZ)|PLATO 15.5 HONDO X500 (12 ONZ)|49430.0
PLATO 16 HONDO X500|PLATO 16 HONDO X500|57800.0
PLATO 25 HONDO X500|PLATO 25 HONDO X500|79550.0
PLATO 30 HONDO X500|PLATO 30 HONDO X500|99390.0
PLATO 15.5 HONDO X20 (12 ONZ)|PLATO 15.5 HONDO X20 (12 ONZ)|54140.0
ROLLO BCO 24 CL.1.90|24 BCO CL.1.90|0.0
PLATO 30 HONDO X20|PLATO 30 HONDO X20|108800.0
CONTENEDOR 8 ONZ X25|CONTENEDOR 8 ONZ X25|4440.0
CONTENEDOR 12 ONZ X25|CONTENEDOR 12 ONZ X25|4110.0
CONTENEDOR 16 ONZ X25|CONTENEDOR 16 ONZ X25|6960.0
CONTENEDOR 24 ONZ X25|CONTENEDOR 24 ONZ X25|6020.0
CONTENEDOR 32 ONZ X25|CONTENEDOR 32 ONZ X25|8820.0
CONTENEDOR NATURAL 12 ONZ CAJA X10 PA (X50 UND|CONTENEDOR NATURAL 12 ONZ CAJA X10 PA (X50 UND|153270.0
TAPA CONTENEDOR 12 OZN CAJA CAJA X20 PAQ (X 25 UN|TAPA CONTENEDOR 12 OZN CAJA CAJA X20 PAQ (X 25 UND)|185050.0
PORTACOMIDA J-2 NATURAL (PACA X125 UND)|PORTACOMIDA J-2 NATURAL (PACA X125 UND)|197750.0
PORTACOMIDA J-1 NARURAL (PACA X25)|PORTACOMIDA J-1 NARURAL (PACA X25)|185200.0
VASO 4 ONZ SIN T X100|VASO 4 ONZ SIN T X100|2750.0
VASO 6 ONZ SIN TX100|VASO 6 ONZ SIN TX100|1900.0
VASO 8 ONZ SIN TX100|VASO 8 ONZ SIN TX100|2000.0
VASO 10 ONZ SIN TX50|VASO 10 ONZ SIN TX50|2115.0
VASO 12 ONZ SIN TX50|VASO 12 ONZ SIN TX50|2115.0
VASO 16 ONZ SINT X50|VASO 16 ONZ SINT X50|3700.0
VASO 20 ONZ SIN TX25|VASO 20 ONZ SIN TX25|7100.0
VASO 6 ONZ CON T X25|VASO 6 ONZ CON T X25|6230.0
VASO 8 ONZ CON T X25|VASO 8 ONZ CON T X25|6190.0
VASO 10 ONZ CON T X25|VASO 10 ONZ CON T X25|7650.0
VASO 12 ONZ CON T X25|VASO 12 ONZ CON T X25|9440.0
VASO 16 ONZ CON T X25|VASO 16 ONZ CON T X25|6800.0
VASO 20 ONZ CON T X25|VASO 20 ONZ CON T X25|11880.0
||
||
||
||
||
||
||
18X24 VERDE|18X24 VERDE|457719.0
18X24 AZUL|18X24 AZUL|457719.0
18X24 NARANJA|18X24 NARANJA|457719.0
6X8 TA X100|6X8 TA|795.0
7X10 TA X100|7X10 TA|1084.0
8X10 TA X100|8X10 TA|1180.0
8X12 TA X100|8X12 TA|1361.0
9X12 TA X100|9X12 TA|1554.0
10X14 TA X100|10X14 TA|1927.0
12X16 TA X100|12X16 TA|2650.0
14X20 TA X100|14X20 TA|4096.0
15X22 TA X100|15X22 TA|5542.0
18X23 TA X100|18X23 TA|7314.0
20X25 TA X100|20X25 TA|8833.0
20X30 TA X100|20X30 TA|10600.0
CL80(23X31) TA X100|CL80(23X31) TA|181956.0
24X33 TA X100|24X33 TA|14614.0
24X41 TA X50|24X41 TA X50|65676.0
28X32 TA X100|28X32 TA|31660.0
28X40 TA X100|28X40 TA|39575.0
28X40 TA X50|28X40 TA X50|37376.0
6X8 NA X100|6X8 NA|795.0
7X10 NA X100|7X10 NA|1084.0
8X10 NA X100|8X10 NA|11807.0
8X12 NA X100|8X12 NA|1361.0
9X12 NA X100|9X12 NA|1554.0
10X14 NA X100|10X14 NA|1927.0
12X16 NA X100|12X16 NA|2650.0
14X20 NA X100|14X20 NA|4096.0
15X22 NA X100|15X22 NA|5542.0
18X23 NA X100|18X23 NA|7314.0
20X30 NA C2 X100|20X30 NA C2|10600.0
20X30 NA X100|20X30 NA|18845.0
24X33 NA X100|24X33 NA|14614.0
24X33 NA X10|24X33 NA X10|1720.0
24X33 NA X12|24X33 NA X12|0.0
24X33 NA C2 X100|24X33 NA C2|24875.0
26X40 NA C2 X100|26X40 NA C2|32665.0
26X40 NA C2 X 12|26X40 NA C2 X 12|3200.0
26X40 NA ESPEC X100|26X40 NA ESPEC|36748.0
28X32 NA X100|28X32 NA|31660.0
32X45 NA X50|32X45 NA X50|50882.0
32X45 NA X50 ESP|32X45 NA X50 ESP|31094.0
4X6 BA X500|4X6 BA|2952.0
6X8 BA X100|6X8 BA|819.0
7X10 BA X100|7X10 BA|1146.0
8X12 BA X100|8X12 BA|1421.0
10X14 BA X100|10X14 BA|2048.0
12X16 BA X100|12X16 BA|2771.0
14X20 BA X100|14X20 BA|4216.0
15X22 BA X100|15X22 BA|5662.0
18X23 BA X100|18X23 BA|7463.0
20X30 BA X100|20X30 BA|10816.0
24X33 BA X100|24X33 BA|14912.0
26X40 BA C2 X100|26X40 BA C2|33332.0
32X45X50 ESP NGA|32X45X50 ESP NGA|31095.0
26X40 HOSP X100|26X40 HOSP|32665.0
18X24 HOSP X100|18X24 HOSP|6784.0
24X34 HOSP X100|24X34 HOSP|14416.0
30X70 NA X50|30X70 NA|40545.0
2X4 TB 2.0X500|2X4 TB|3253.0
2X5 TB 2.0X500|2X5 TB|3916.0
2X8 TB 1.0X100|2X8 TB|542.0
2X10 TB 1.0X100|2X10 TB|626.0
2X10 TB 2.0X500|2X10 TB 2.0|8073.0
2.5X4 TB 2.0X500|2.5X4 TB|3303.0
2.5X5 TB 2.0X500|2.5X5 TB|3626.0
3X4 TB 1.0X500|3X4 TB|2530.0
3X5 TB 1.0X500|3X5 TB 1.0|2530.0
3X5 TB 2.0X500|3X5 TB 2.0|5482.0
3X6 TB 1.0X100|3X6 TB|437.0
3X7 TB 1.0X100|3X7 TB|492.0
3X10 TB 1.0X100|3X10 TB|771.0
3X12 TB 1.0X100|3X12 TB|891.0
3X14 TB 1.0X100|3X14 TB|1156.0
3X14 TB 2.0X100|3X14 TB 2.0|2747.0
3X16 TB 2.0X100|3X16 TB 2.0|3108.0
3.5X10 TB 1.0X100|3.5X10 TB|749.0
3.5X12 TB 1.0X100|3.5X12 TB|1012.0
3.5X14 TB 1.0X100|3.5X14 TB|1301.0
4X5 TB 1.0X100|4X5 TB|626.0
4X5 TB 2.0X100|4X5 TB 2.0X100|986.0
4X6 TB 1.0X100|4X6 TB|663.0
4X6 TB 2.0X100|4X6 TB 2.0 X100|1306.0
4X7 TB 1.0X100|4X7 TB|723.0
4X8 TB 1.0X100|4X8 TB|807.0
4X10 TB 1.0X100|4X10 TB|975.0
4X12 TB 1.0X100|4X12 TB|1132.0
4X14 TB 1.0X100|4X14 TB|1433.0
4X16 TB 1.0X100|4X16 TB|1602.0
4X16 TB 2.0X100|4X16 TB 2.0|4108.0
4.5X7 TB 1.0X100|4.5X7 TB|795.0
4.5X12 TB 1.0X100|4.5X12 TB|1253.0
4.5X14 TB 1.0X100|4.5X14 TB|1578.0
5X6 TB 1.0X100|5X6 TB|784.0
5X6 TB 1.5X100|5X6 TB 1.5 X100|1112.0
5X7 TB 1.0X100|5X7 TB|867.0
5X8 TB 1.0X100|5X8 TB|964.0
5X8 TB 2.0X100|5X8 TB 2.0|2686.0
5X9 TB 1.0X100|5X9 TB|1072.0
5X10 TB 1.0X100|5X10 TB|1180.0
5X12 TB 1.0X100|5X12 TB|1386.0
5X14 TB 1.0X100|5X14 TB|1710.0
5X16 TB 1.0X100|5X16 TB|1928.0
6X7 TB 1.0X100|6X7 TB|1000.0
6X8 TB 1.0X100|6X8 TB|1132.0
6X9 TB 1.0X100|6X9 TB|1253.0
6X9 TB 2.0X100|6X9 TB 2.0|3518.0
6X10 TB 1.0X100|6X10 TB|1373.0
6X10 TB 2.0X100|6X10 TB 2.0|3075.0
6X12 TB 1.0X100|6X12 TB|1626.0
6X12 TB 2.0X100|6X12 TB 2.0 X100|3660.0
6X14 TB 1.0X100|6X14 TB|2000.0
6X14 TB 2.0X100|6X14 TB 2.0X100|3739.0
6X16 TB 1.0X100|6X16 TB|2253.0
7X8 TB 1.0X100|7X8 TB|1289.0
7X10 TB 1.0X100|7X10 TB|1579.0
7X10 TB 2.0X100|7X10 TB 2.0|4518.0
7X11 TB 1.0X100|7X11 TB|1734.0
7X11 TB 1.5X100|7X11 TB 1.5|3042.0
7X11 TB 2.0X100|7X11 TB 2.0|4927.0
7X12 TB 1.0X100|7X12 TB|1867.0
7X12 TB 2.0X100|7X12 TB 2.0 X100|1277.0
7X14 TB 1.0X100|7X14 TB|2277.0
7X14 TB 2.0X100|7X14 TB 2.0|4362.0
7X16 TB 1.0X100|7X16 TB|2566.0
8X10 TB 1.0X100|8X10 TB|1795.0
8X10 TB 2.0X100|8X10 TB 2.0X|5156.0
8X11 TB 1.0X100|8X11 TB|1451.0
8X12 TB 1.0X100|8X12 TB|2132.0
8X12 TB 2.0X100|8X12 TB 2.0X|6132.0
8X14 TB 1.0X100|8X14 TB|2590.0
8X16 TB 1.0X100|8X16 TB|2927.0
8X18 TB 1.0X100|8X18 TB|3253.0
8X18 TB 2.0X100|8X18 TB 2.0|8903.0
9X12 TB 1.0X100|9X12 TB|2373.0
9X12 TB 2.0X100|9X12 TB 2.0 X100|4807.0
9X14 TB 1.0X100|9X14 TB 1.0|2867.0
9X14 TB 2.0X100|9X14 TB 2.0|7915.0
9X18 TB 1.0X100|9X18 TB 1.0|3614.0
10X14 TB 1.0X100|10X14 TB|3265.0
10X14 TB 2.0X100|10X14 TB 2.0|8734.0
10X16 TB 1.0X100|10X16 TB|3674.0
10X16 TB 2.0X100|10X16 TB 2.0|9843.0
12X16 TB 1.0X100|12X16 TB|4313.0
9X16 TB 1.0X100|9X16 TB 1.0|3241.0
12X16 TB 2.0X100|12X16 TB 2.0|11921.0
12X18 TB 1.0X100|12X18 TB 1.0|4819.0
12X18 TB 2.0X100|12X18 TB 2.0|13403.0
10X18 TB 1.0X100|10X18 TB|4084.0
13X18 TB 1.0X100|13X18 TB 1.0|5439.0
14X18 TB 1.0X100|14X18 TB 1.0|5783.0
14X20 TB 1.0X100|14X20 TB 1.0|6145.0
14X20 TB 2.0X100|14X20 TB 2.0|17174.0
14X25 TB 1.0X100|14X25 TB 1.0|5773.0
14X25 TB 2.0X100 ARROBERA|14X25 TB 2.0(ARROB)|20215.0
14X38 TB 1.0X100|14X28 TB 1.0|7897.0
15X22 TB 1.0X100|15X22 TB 1.0|7289.0
15.5X35.5 TB 1.5X100|15.5X35.5 TB 1.5|21872.0
16X22 TB 1.0X100|16X22 TB 1.0|7710.0
16X22 TB 2.0X100|16X22 TB 2.0|14099.0
16X24 TB 1.0X100|16X24 TB 1.0|8373.0
16X24 TB 2.0X100|16X24 TB 2.0|17090.0
18X24 TB 1.0X100|18X24 TB 1.0|8771.0
18X24 TB 2.0X100|18X24 TB 2.0|19227.0
18X28 TB 2.0X100|18X28 TB 2.0|22432.0
20X30 TB 1.0X100|20X30 TB 1.0|12181.0
20X30 TB 2.0X100|20X30 TB 2.0|26704.0
13X25 TB 1.0X100|13X25 TB 1.0|18771.0
24X33 TB 1.0X100|24X33 TB 1.0|16080.0
2X4 PP 1.0X500|2X4 PP 1.0|2412.0
3X4 PP 1.0X500|3X4 PP 1.0|3292.0
3X5 PP 1.0X500|3X5 PP 1.0|3903.0
3.5X7 PP 1.5X100|3.5X7 PP 1.5|900.0
3.5X8 PP 2.0X500|3.5X8 PP 2.0|1130.0
3X6 PP 1.5X500|3X6 PP 1.5|762.0
3X6 PP 2.0X100|3X6 PP 2.0|1570.0
4X5 PP 1.0X500|4X5 PP 1.0|4825.0
4X6 PP 1.0X500|4X6 PP 1.0|5175.0
4X6 PP 1.0X500|4X6 PP 1.0X500|5.0
4X6 PP 1.5X100|4X6 PP 1.5|1017.0
4X6 PP 2.0X100|4X6 PP 2.0|1398.0
4X7 PP 1.0X100|4X7 PP 1.0|1182.0
4X8 PP 1.0X100|4X8 PP 1.0|1329.0
4X9 PP 1.5X100|4X9 PP 1.5|1300.0
4X10 PP 1.0X100|4X10 PP 1.0|1624.0
4X12 PP 1.0X100|4X12 PP 1.0|0.0
4.5X7 PP 1.0X100|4.5X7 PP 1.0|1310.0
4.5X9 PP 2.0X100|4.5X9 PP 2.0|2358.0
5X5 PP 1.0X100|5X5 PP 1.0|700.0
5X6 PP 1.0X100|5X6 PP 1.0|1255.0
5X6 PP 2.0X100|5X6 PP 2.0|1748.0
5X7 PP 1.0X100|5X7 PP 1.0|1447.0
5X7 PP 2.0X100|5X7 PP 2.0|2039.0
5X8 PP 1.0X100|5X8 PP 1.0|1624.0
5X8 PP 2.0X100|5X8 PP 2.0|2329.0
5X9 PP 1.0X100|5X9 PP 1.0|1050.0
5.5X9 PP 1.0X100|5.5X9 PP 1.0|1398.0
5X10 PP 1.0X100|5X10 PP 1.0|1992.0
5X10 PP 1.5X100|5X10 PP 1.5|2118.0
5X10 PP 2.0X100|5X10 PP 2.0|2911.0
5X12 PP 10|5X12 PP 1.0|3495.0
5X12 PP 1.5X100|5X12 PP 1.5|2542.0
5X12 PP 2.0X100|5X12 PP 2.0|3495.0
5X14 PP 1.0X100|5X14 PP 1.0|1570.0
6X7 PP 1.0X100|6X7 PP 1.0|1697.0
6X7 PP 2.0X100|6X7 PP 2.0|2446.0
6X8 PP 1.0X100|6X8 PP 1.0|1918.0
6X9 PP 1.0 X100|6X9 PP 1.0|2139.0
6X10 PP 1.0X100|6X10 PP 1.0|2359.0
6X10 PP 2.0X100|6X10 PP 2.0|3495.0
6X12 PP 1.0X100|6X12 PP 1.0|2952.0
6X12 PP 2.0X100|6X12 PP 2.0|5800.0
6X14 PP 1.0X100|6X14 PP 1.0|2372.0
6X14 PP 2.0X100|6X14 PP 2.0|4891.0
8X12 PP 15 ADH|8X12 PP 15 ADH|4965.0
7X8 PP 1.5 X100|7X8 PP 15|2371.0
7X10 PP 1.0X100|7X10 PP 1.0|2726.0
7X10 PP 1.5X100|7X10 PP 1.5|2964.0
7X10 PP 2.0X100|7X10 PP 2.0|4076.0
7X12 PP 1.0X100|7X12 PP 1.0|2371.0
7X12 PP 2.0X100|7X12 PP 2.0|4891.0
7X12 PP 2.0X100 ADHESIVO|7X12 PP 2.0ADH|5961.0
7X14 PP 1.0X100|7X14 PP 1.0|2767.0
7X14 PP 2.0X100|7X14 PP 2.0|5707.0
7X16 PP 1.0X100|7X16 PP 1.0|3162.0
7X16 PP 2.0X100|7X16 PP 2.0|6522.0
7X16 PP 2.0X100 ADHESIVO|7X16 PP 2.0ADH|7322.0
8X10 PP 1.0X100|8X10 PP 1.0|2258.0
8X10 PP 1.5X100|8X10 PP 1.5|3388.0
8X10 PP 2.0X100|8X10 PP 2.0|4658.0
8X12 PP 1.0X100|8X12 PP 1.0|2710.0
8X12 pp 1.5X100|8X12 PP 1.5|4065.0
8X12 PP 2.0X100|8X12 PP 2.0|5590.0
8X12 PP 2.0X100 ADHESIVO|8X12 PP 2.0ADH|6490.0
8X14 PP 1.0X100|8X14 PP 1.0|3162.0
8X14 PP 2.0X100|8X14 PP 2.0|6522.0
8X16 PP 1.0X100|8X16 PP 1.0|3614.0
8X18 PP 1.0X100|8X18 PP 1.0|4065.0
8X18 PP 2.0X100|8X18 PP 2.0|8385.0
9X12 PP 1.0X100|9X12 PP 1.0|3049.0
9X12 PP 1.5X100|9X12 PP 1.5|4574.0
9X12 pp 2.0X100|9X12 PP 2.0|6289.0
9X14 PP 1.0X100|9X14 PP 1.0|3557.0
9X14 PP 1.5X100|9X14 PP 1.5|5336.0
9X14 PP 2.0X100|9X14 PP 2.0|7337.0
9X16 PP 1.0X100|9X16 PP 1.0|4065.0
9X16 PP 2.0X100|9X16 PP 2.0|8385.0
10X14 PP 15 ADH|10X14 PP 15 ADH|7129.0
4X5 PP 1.0X100|4X5 PP 1.0|965.0
4X6 PP 1.0X100|4X6 PP 1.0|1035.0
10X14 CIERRE|10X14 CIERRE|15300.0
8X8 CIERRE|8X8 CIERRE|6450.0
10X12 PP 1.0X100|10X12 PP 1.0|3388.0
10X12 PP 2.0X100|10X12 PP 2.0|6988.0
10X14 PP 1.0X100|10X14 PP 1.0|3952.0
1.5X1.5 CIERRE|15X15 CIERRE|1250.0
10X14 PP 1.5X100|10X14 PP 1.5|5929.0
10X14 PP 2.0X100|10X14 PP 2.0|8152.0
10X14 PP 2.0X100 ADHESIVO|10X14 PP 2.0 ADHESIVO|9352.0
10X15 PP 1.0X100|10X15 PP 1.0|4235.0
10X15 PP 1.5X100|10X15 PP 1.5|6352.0
10X16 PP 1.0X100|10X16 PP 1.0|4517.0
10X16 PP 1.5X100|10X16 PP 1.5|6776.0
10X16 PP 2.0X100|10X16 PP 2.0|9317.0
10X18 PP 1.0X100|10X18 PP 1.0|5082.0
10X20 PP 1.0X100|10X20 PP 1.0|5647.0
10X24 PP 1.0X100|10X24 PP 1.0|6776.0
11X14 PP 1.0X100|11X14 PP 1.0|4348.0
11X14 PP 1.5X100|11X14 PP 1.5|6522.0
11X20 PP 1.0X100|11X20 PP 1.0|6211.0
11X22 PP 1.0X100|11X22 PP 1.0|6832.0
12X12 PP 1.0X100|12X12 PP 1.0|4065.0
12X14 PP 1.0X100|12X14 PP 1.0|4743.0
12X14 PP 1.5X100|12X14 PP 1.5|7115.0
12X16 PP 1.0X100|12X16 PP 1.0|5421.0
12X16 PP 1.5X100|12X16 PP 1.5|8131.0
12X16 PP 15 ADH|12X16 PP 1.5 ADH|9431.0
12X16 PP 2.0X100|12X16 PP 2.0|9015.0
12X16 PP 2.0X100 ADHESIVO|12X16 PP 2.0ADH|12481.0
12X18 PP 1.0X100|12X18 PP 1.0|6098.0
12X18 PP 1.5X100|12X18 PP 1.5|9148.0
12X18 PP 2.0X100|12X18 PP 2.0|12578.0
12X20 PP 1.0X100|12X20 PP 1.0|6776.0
13X22 PP 1.0X100|13X22 PP 1.0|8075.0
13X24 PP 1.5X100|13X24 PP 1.5|13214.0
14X16 PP 1.0X100|14X16 PP 1.0|6327.0
14X16 PP 1.5X100|14X16 PP 1.5|9487.0
14X18 PP 1.0X100|14X18 PP 1.0|7115.0
14X18 PP 1.5X100|14X18 PP 1.5|10672.0
14X18 PP 2.0X100|14X18 PP 2.0|14675.0
14X20 PP 1.0X100|14X20 PP 1.0|7905.0
14X20 PP 2.0X100|14X20 PP 2.0|16305.0
14X22 PP 1.0X100|14X22 PP 1.0|8696.0
14X25 PP 1.0X100|14X25 PP 1.0|9882.0
14X25 PP 2.0X100|14X25 PP 2.0|20382.0
15X18 PP 1.5X100|15X18 PP 1.5|11435.0
15X22 PP 1.0X100|15X22 PP 1.0|9317.0
15X24 PP 1.0X100|15X24 PP 1.0|10164.0
16X20 PP 1.0X100|16X22 PP 1.0|9035.0
18X24 PP 1.0X100|18X24 PP 1.0|12197.0
18X26 PP 1.0X100|18X26 PP 1.0|13214.0
18X28 PP 1.0X100|18X28 PP 1.0|11837.0
20X26 PP 1.0X100|20X26 PP 1.0|12207.0
20X27 PP 1.0X100|20X27 PP 1.0|12710.0
20X30 PP 1.0X100|20X30 PP 1.0|14099.0
20X36 PP 1.0X100|20X36 PP 1.0|16737.0
22X30 PP 1.0X100|22X30 PP 1.0|15509.0
24X32 PP 1.0X100|24X32 PP 1.0|18030.0
4X6 NB 1.0X100|4X6 NB|700.0
4X6 NB 1.0X500 ALMACIGO|4X6 NB X500 ALM|1000.0
5X6 NB 1.0X500 ALMACIGO|5X6 NB X500 ALM|6250.0
4X8 NB CL.1.0X500 ALMACIGO|4X8 NB X500 ALM|6500.0
7X10 NB 1.0X100 ALMACIGO|7X10 NB X100 ALM|2800.0
8X12 NB 1.0X100 ALMACIGO|8X12 NB X100 ALM|3700.0
C-0 BB (7+2+2X12)X100|C-0BB|5247.0
C-1 BB (7+2+2X16)X100|C-1BB|6584.0
C-2 BB (10+2.5+2.5X17)X100|C-2BB|10100.0
C-3 BB (11+3+3X21)X100|C-3BB|13355.0
C-3 BB ESP (11+3+3X20)X100|C-3BB ESP|12719.0
C-4 BB (12+4+4X23)X100|C-4BB|16347.0
C-5 BB (14+3+3X25)X100|C-5BB|21929.0
C-0 BB REC (7+2+2X12)X100|C-0 REC|4294.0
C-1 BB REC (7+2+2X16)X100|C-1 REC|5725.0
C-2 BB REC (10+2.5+2.5X17)X100|C-2 REC|8267.0
C-3 BB REC (11+3+3X21)X100|C-3 REC|10410.0
C-3 BB REC (11+3+3X20ESP)X100|C-3 REC E|10150.0
C-4 BB REC (12+4+4X23)X100|C-4 REC|13380.0
T-15BA X100|T-15BA|2285.0
T-15NA X100|T-15NA|2285.0
T-20BA X100|T-20BA|3298.0
T-20NA X100|T-20NA|3298.0
T-25BA X100|T-25BA|4759.0
T-25NA X100|T-25NA|4759.0
T-30BA X100|T-30BA|8737.0
T-30NA X100|T-30NA|8091.0
T-40BA X100|T-40BA|11022.0
T-40NA X100|T-40NA|9839.0
T-50BA X100|T-50BA|16579.0
T-50NA X100|T-50NA|15611.0
T-50VERDE X100 MARP|T-50VERDE X100 MARP|16000.0
T-50NARANJA X100 MARP|T-50NARANJA X100 MARP|16000.0
T-20BA X100 MARP|T-20BA X100 MARP|2730.0
T-20NA X100 MARP|T-20NA X100 MARP|2730.0
T-25BA X100 MARP|T-25BA X100 MARP|4000.0
T-25NA X100 MARP|T-25NA X100 MARP|4000.0
T-30BA X100 MARP|T-30BA X100 MARP|7200.0
T-30NA X100 MARP|T-30NA X100 MARP|7200.0
T-50BA X100 MARP|T-50BA X100 MARP|16000.0
T-15 BA X100 MARP|T-15 BA X100 MARP|2240.0
T-15 NA X100 MARP|T-15 NA X100 MARP|2240.0
T-30 BA ECO|T-30 BA ECO|5780.0
T-25 BA ECO|T-25 BA ECO|3017.0
TAPA VASO 6 ONZ X20|TAPA VASO 6 ONZ X20|7350.0
TAPA VASO 7 ONZ X20|TAPA VASO 7 ONZ X20|5850.0
TAPA VASO 9 ONZ X20|TAPA VASO 9 ONZ X20|8380.0
VASO 4 ONZ CARTON IDEALTEX|VASO 4 ONZ CARTON IDEALTEX|3400.0
VASO 6 ONZ CARTON DARNEL X20 PAQ|VASO 6 ONZ CARTON DARNEL X20 PAQ|4950.0
VASO 6 ONXZ CARTON IDEALTEX|VASO 6 ONXZ CARTON IDEALTEX|3600.0
VASO CARTON 7 CARTON IDEALTEX/IBERICO|VASO CARTON 7 CARTON IDEALTEX/IBERICO|3800.0
VASO CARTON 9 ONZ X25 PAQ PRODE|VASO CARTON 9 ONZ X25 PAQ PRODE|2200.0
VASO 12 ONZ CARTON|VASO 12 ONZ CARTON|11650.0
3,5 ONZ COLOR VACAN|3,5 ONZ COLOR VACAN|1905.0
5,5 ONZ COLOR BLANCO TT|5,5 ONZ COLOR BLANCO TT|1800.0
16 ONZ TT X48|16 ONZ TT X48|2400.0
COPA 1,5 TT|COPA 1,5 TT|1210.0
VASO 7 ONZ BLA OPTIMA|VASO 7 ONZ BLA OPTIMA|1884.0
VASO 7 ONZ TT FORMOSA X50 PAQ|VASO 7 ONZ TT FORMOSA X50 PAQ|1885.0
VASO 9 ONZ TT FORMOSA X40 PAQ|VASO 9 ONZ TT FORMOSA X40 PAQ|2520.0
VASO 12 ONZ TT FORMOSA X40 PAQ|VASO 12 ONZ TT FORMOSA X50 PAQ|2995.0
VASO 14 ONZ WOW CAJA X37 PAQ|VASO 14 ONZ WOW CAJA X37 PAQ|3500.0
VASO 22 ONZ TROFORMA|VASO 22 ONZ TROFORMA|6200.0
VASO 3,5 COLOR VBC X60|VASO 3,5 COLOR VBC X60|1630.0
VASO 3,5 BLANCO VBC X60|VASO 3,5 BLANCO VBC X60|1630.0
VASO 5,5 COLOR VBC X60|VASO 5,5 COLOR VBC X60|1610.0
VASO 5,5 BLANCO VBC X60|VASO 5,5 BLANCO VBC X60|1610.0
VASO 7 ONZ COLOR VBC|VASO 7 ONZ COLOR VBC|1400.0
VASO 7 ONZ BLANCO VBC X50|VASO 7 ONZ BLANCO VBC X50|1400.0
VASO 7 ONZ TT VBC X50|VASO 7 ONZ TT VBC X50|1400.0
VASO 9 ONZ TT VBC X40|VASO 9 ONZ TT VBC X40|2030.0
VASO 10 ONZ TT VBC X40|VASO 10 ONZ TT VBC X40|2030.0
VASO 12 ONZ TT VBC X40|VASO 12 ONZ TT VBC X40|2420.0
VASO 14 TT VBC X20|VASO 14 TT VBC X20|3770.0
VASO 16 TT VBC X20|VASO 16 TT VBC X20|3940.0
TAPA VASO 3,5-5,5-7 X56|TAPA VASO 3,5-5,5-7 X56|3660.0
TAPA VASO 14-16 X48|TAPA VASO 14-16 X48|3790.0
VASO 6 ONZ TT X60|VASO 6 ONZ TT X60|1940.0
VASO 6 ONZ COLOR X60|VASO 6 ONZ COLOR X60|1940.0
VASO 7 COLOR X60|VASO 7 COLOR X60|1940.0
VASO 9 ONZ TT X40|VASO 9 ONZ TT X40|3120.0
VASO 10 ONZ TT X40|VASO 10 ONZ TT X40|3120.0
VASO 12 ONZ TT X40|VASO 12 ONZ TT X40|3815.0
VASO 12 ONZ COLOR X40|VASO 12 ONZ COLOR X40|3815.0
VASO 14 ONZ TT X48|VASO 14 ONZ TT X48|2600.0
VASO 16 ONZ TT X48|VASO 16 ONZ TT X48|2670.0
TAPA 9-12 X31|TAPA 9-12 X31|3610.0
TAPA 14-16 X22|TAPA 14-16 X22|3597.0
COPA 1/2 ONZ TT X100|COPA 1/2 ONZ TT X100|1600.0
COPA 1/2 ONZ BLANCA X100|COPA 1/2 ONZ BLANCA X100|1600.0
COPA 1 ONZ TT X100|COPA 1 ONZ TT X100|1600.0
COPA 1 ONZ BLANCA X100|COPA 1 ONZ BLANCA X100|1600.0
COPA 1,5 TT X140|COPA 1,5 TT X140|1390.0
COPA 1,5 BLANCA X140|COPA 1,5 BLANCA X140|1390.0
TAPA PARA COPAS X100|TAPA PARA COPAS X100|1600.0
COPA ROMANA X25|COPA ROMANA X25|10850.0
COPA FLAUTA X24|COPA FLAUTA X24|9200.0
COPA VINO X18|COPA VINO X18|9200.0
COPA NEON|COPA NEON|6800.0
COPA VINO CARVAJAL|COPA VINO CARVAJAL|11480.0
VASO WHISKY|VASO WHISKY|6950.0
COPA 1/2 ONZ TT X90|COPA 1/2 ONZ TT X90|1900.0
COPA 1/2 ONZ BLANCA X90|COPA 1/2 ONZ BLANCA X90|1900.0
COPA 1 ONZ TT X90|COPA 1 ONZ TT X90|1900.0
COPA 1 ONZ BLANCA X90|COPA 1 ONZ BLANCA X90|1900.0
TAPAS PARA COPAS X45|TAPAS PARA COPAS X45|3850.0
VASO 4 ONZ TROFORMA TT CON TAPA X20|VASO 4 ONZ TROFORMA TT CON TAPA X20|4250.0
PARAFINADO 15X15|PARAFINADO 15X15|18470.0
PARAFINADO 20X20|PARAFINADO 20X20|18470.0
PARAFINADO 25X25|PARAFINADO 25X25|18470.0
PARAFINADO 30X30|PARAFINADO 30X30|18470.0
PARAFINADO ROLLO X 20 MT|PARAFINADO ROLLO X 20 MT|8150.0
PARAFINADO ROLLO X100 MT|PARAFINADO ROLLO X100 MT|22000.0
PARAFINADO ROLLO X50 MT|PARAFINADO ROLLO X50 MT|15600.0
PORTAHAMBURGUESA|PORTAHAMBURGUESA|84.0
PORTAPERRO|PORTAPERRO|84.0
PORTAPIZZA|PORTAPIZZA|84.0
CINTA TT X 100 MT ROJA X72|CINTA TT X 100 MT ROJA X72|4200.0
CINTA TT X100 MT RIOTO X72|CINTA TT X100 MT RIOTO X72|4200.0
CINTA TT X300 JAZA AZUL X48|CINTA TT X300 JAZA AZUL X48|9326.0
CINTA TT X300 JAZA ROJA X48|CINTA TT X300 JAZA ROJA X48|7300.0
CINTA X300 MT EXACTOS CAFÉ|CINTA X300 MT EXACTOS CAFÉ|7600.0
CINTA X300 MT RIOTO|CINTA X300 MT RIOTO|8450.0
CINTA SOLUCIONES X400 MT|CINTA SOLUCIONES X400 MT|17450.0
INDU 15 CMSOLUCIONES X300 MT|INDU 15 CMSOLUCIONES X300 MT|10930.0
IND 30 CM SOLUCIONES X300 MT|IND 30 CM SOLUCIONES X300 MT|21220.0
INDU 50 CM SOLUCIONES X300 MT|INDU 50 CM SOLUCIONES X300 MT|33450.0
INDU 15 CM X450 MT SOLUCIONES|INDU 15 CM X450 MT SOLUCIONES|11000.0
INDU 30 CM X450 SOLUCIONES|INDU 30 CM X450 SOLUCIONES|31980.0
INDU 50 CM X450 MT SOLUCIONES|INDU 50 CM X450 MT SOLUCIONES|57900.0
INDU 15 CM SOLUCIONES|INDU 15 CM SOLUCIONES|13700.0
INDU 30 CM SOLUCIONES|INDU 30 CM SOLUCIONES|35650.0
SERVILLETA NUBE X100 DOBLADA EN 4 X30|SERVILLETA NUBE X100 DOBLADA EN 4 X30|70390.0
SERVILLETA NUBE CAFETERIA X42|SERVILLETA NUBE CAFETERIA X42|84180.0
SERVILLETA NUBE CAFETERIA 1 A 1 X60|SERVILLETA NUBE CAFETERIA 1 A 1 X60|94370.0
SERVILLETA FAMILIA 1 A 1 X32|SERVILLETA FAMILIA 1 A 1 X32|78400.0
SERVILLETA ELITE X300 X15|SERVILLETA ELITE X300 X15|47800.0
SSERVILLETA NUBE X300 X15|SSERVILLETA NUBE X300 X15|46180.0
SERVILLETA FAVORITA X320 X15|SERVILLETA FAVORITA X320 X15|48650.0
SERVILLETA FAMILIA PLUS X550 X9|SERVILLETA FAMILIA PLUS X550 X9|107300.0
SERVILLETA MIA 1 A 1 X200 UND CAJA X30|SERVILLETA MIA 1 A 1 X200 UND CAJA X30|64200.0
SERVILLETA FAMILIA X600 X9|SERVILLETA FAMILIA X600 X9|102362.0
||
||
||
||
||
||
||
||
||
||
26X40 HOSP|26X40 HOSP|32665.0
18X24 HOSP|18X24 HOSP|6784.0
24X34 HOSP|24X34 HOSP|14416.0
30X70 NA|30X70 NA|40545.0
TOALLA DE MANO EN Z TIZU X24|TOALLA DE MANO EN Z TIZU X24|5430.0
TOALLA DE MANO EN Z NUBE X24|TOALLA DE MANO EN Z NUBE X24|5100.0
TOALLA MANO CENTERPULL X3|TOALLA MANO CENTERPULL X3|28300.0
TOALLA DE COCINA NUBE X 1|TOALLA DE COCINA NUBE X 1|6370.0
TOALLA DE COCINA NUBE X3 (4 PAQ)|TOALLA DE COCINA NUBE X3 (4 PAQ)|5080.0
TOALLA DE COCINA FAVORITA X3 (8 PAQ)|TOALLA DE COCINA FAVORITA X3 (8 PAQ)|5850.0
LIMPION DE ELITE|LIMPION DE ELITE|93200.0
PAPEL ELITE X1 (24 UND)|PAPEL ELITE X1 (24 UND)|1650.0
PAPEL ELIETE X1 X24 DUO|PAPEL ELIETE X1 X24 DUO|1800.0
PAPEL ELITE X4 ULTRA|PAPEL ELITE X4 ULTRA|8600.0
PAPEL ELITE X6 MAX|PAPEL ELITE X6 MAX|5200.0
PAPEL ELITE X12|PAPEL ELITE X12|10140.0
JUMBO ELITE BLA X4 ROLLOS|JUMBO ELITE BLA X4 ROLLOS|29750.0
JUMBO MIO X4 ROLLOS|JUMBO MIO X4 ROLLOS|39150.0
#1/2 LIBRA X100|#1/2 LIBRA X100|2145.0
#1 LIBRA X80|#1 LIBRA X80|2850.0
#2 LIBRAS X60|#2 LIBRAS X60|3700.0
#3 LIBRAS X50|#3 LIBRAS X50|4830.0
#4 LIBRAS X40|#4 LIBRAS X40|5700.0
#6 LIBRA X30|#6 LIBRA X30|8170.0
#12 LIBRAS X20|#12 LIBRAS X20|11298.0
# 25 LIBRAS UND|# 25 LIBRAS UND|208.0
P-40 BULTO X500|P-40 BULTO X500|465.0
P-60 BULTO X500|P-60 BULTO X500|730.0
BOLSA CRAFT ASA PEQUEÑA (P60)|BOLSA CRAFT ASA PEQUEÑA (P60)|1040.0
BOLSA CRAFT ASA GRANDE (P40)|BOLSA CRAFT ASA GRANDE (P40)|890.0
PORTACUBIERTO BLANCO X100|PORTACUBIERTO BLANCO X100|3800.0
PORTACUBIERTO CAFÉ Y BEIS|PORTACUBIERTO CAFÉ Y BEIS|3470.0
RESMA DE PAPEL|RESMA DE PAPEL|46750.0
||
||
||
||
||
||
||
||
||
||
||
||
||
||
||
||
||
||
||
||
||
||
||
||
||
||
||
||
||
||
||
||
||
||
||
||
||
||
||
||
||
||
||
||
||
||
||
||
||
||
||
||
||
||
||
||
||
||
||
||
||
||
||
||
||
||
||
||
||
||
||
||
||
||
||
||
||
||
||
||
||
||
||
||
||
||
||
||
||
||
||
||
||
||
||
||
||
||
||
||
||
||
||
||
||
||
||
||
||
||
||
||
||
||
||
||
||
||
||
||
||
||
||
||
||
||
||
||
||
||
||
||
||
||
||
||
||
||
||
||
||
||
||
||
||
||
||
||
||
||
||
||
||
||
||
||
||
||
||
||
||
||
||
||
||
||
||
||
||
||
||
||
||
||
||
||
||
||
||
||
||
||
||
||
||
||
||
||
||
||
||
||
||
||
||
||
||
||
||
||
||
||
||
||
||
||
||
||
||
||
||
||
||
||
||
||
||
||
||
||
||
||
||
||
||
||
||
||
||
||
||
||
||
||
||
||
||
||
||
||
||
||
||
||
||
||
||
||
||
||
||
||
||
||
||
||
||
||
||
||
||
||
||
||
||
||
||
||
||
||
||
||
||
||
||
||
||
||
||
||
||
||
||
||
||
||
||
||
||
||
||
||
||
||
||
||
||
24X33 NA RECX100|24X33 NA RECX100|9700.0
26X40 NA RECX100|26X40 NA RECX100|17800.0
BOLSA PAPELERA OLOR|BOLSA PAPELERA|3792.0
CIERRE 1X1 X100|CIERRE 1X1|1170.0
CIERRE 2X2 X100|CIERRE 2X2|1270.0
CIERRE 2X3 X100|CIERRE 2X3|1500.0
CIERRE 3X3 X100|CIERRE 3X3|2000.0
CIERRE 3X4 X100|CIERRE 3X4|2150.0
CIERRE 3X5 X100|CIERRE 3X5|3000.0
CIERRE 4X5 X 100|CIERRE 4X5|3000.0
CIERRE 5X5 X100|CIERRE 5X5|3500.0
CIERRE 5X7 X100|CIERRE 5X7|5050.0
CIERRE 6X6 X100|CIERRE 6X6|6550.0
CIERRE 6X9 X100|CIERRE 6X9|5850.0
CIERRE 7X7 X100|CIERRE 7X7|5450.0
CIERRE 8X11 X100|CIERRE 8X11|12450.0
CIERRE 9X12 X100|CIERRE 9X12|13500.0
CIERRE 12X15 X100|CIERRE 12X15|24500.0
7X9 BCO|7X9 BCO|5938.0
7X9 AMARILLA|7X9 AMARILLA|6627.0
7x9 NGA|7x9 NGA|5558.0
7X9 MORADO|7X9 MORADO|6746.0
7X9 ROJO|7X9 ROJO|6580.0
7X9 PALO ROSA|7X9 PALO ROSA|6413.0
7X9 FUCSIA|7X9 FUCSIA|6746.0
7X9 AGUA MARINA|7X9 AGUA MARINA|4917.0
7X9 CONFETTY|7X9 CONFETTY|8456.0
8X12 PALO DE ROSA|8X12 PALO DE ROSA|9773.0
8X12 NA TRO|8X12 NGA|8470.0
8X12 BCO TRO|8X12 BCO|9049.0
8X12 AMARILLA|8X12 AMARILLA|10099.0
8X12 MORADA|8X12 MORADA|10280.0
8X12 ROJO|8X12 ROJO|10026.0
8X12 FUCSIA|8X12 FUCSIA|10280.0
8X12 CONFETTY|8X12 CONFETTY|12886.0
8X12 AGUA MARINA|8X12 AGUA MARINA|7492.0
8X12 BEIGE|8X12 BEIGE|9845.0
11X15 PALO DE ROSA|11X15 PALO DE ROSA|16673.0
11X15 NGA|11X15 NGA|14496.0
11X15 BCO|11X15 BCO|15491.0
11X15 AMARILLA|11X15 AMARILLA|17357.0
11X15 MORADO|11X15 MORADO|17669.0
11X15 ROJO|11X15 ROJO|16549.0
11X15 FUCSIA|11X15 FUCSIA|17606.0
11X15 CONFETTY|11X15 CONFETTY|21153.0
11X15 AGUA MARINA|11X15 AGUA MARINA|12878.0
11X15 BEIGE|11X15 BEIGE|16860.0
15X18 PALO DE ROSA|15X18 PALO DE ROSA|27487.0
15X18 NGA|15X18 NGA|23822.0
15X18 BCO|15X18 BCO|25451.0
15X18 AMARILLA|15X18 AMARILLA|28607.0
15X18 MORADA|15X18 MORADA|28912.0
15X18 ROJO|15X18 ROJO|28912.0
15X18 FUCSIA|15X18 FUCSIA|28912.0
15X18 CONFETTY|15X18 CONFETTY|36242.0
15X18 AGUA MARINA|15X18 AGUA MARINA|20921.0
15X18 BEIGE|15X18 BEIGE|27691.0
18X24 NGA|18X24 NGA|38116.0
18X24 BCO|18X24 BCO|407224.0
18X24 AMARILLA|18X24 AMARILLA|457719.0
18X24 MORADA|18X24 MORADA|46260.0
18X24 ROJO|18X24 ROJO|45283.0
18X24 FUCSIA|18X24 FUCSIA|46260.0
18X24 CONFETTY|18X24 CONFETTY|57988.0
18X24 AGUA MARINA|18X24 AGUA MARINA|33718.0
18X24 PALO ROSA|18X24 PALO ROSA|43980.0
7X9 DECORADA AGUA MARINA|7X9 DECORADA AGUA MARINA|5914.0
8X12 DECORADA AGUA MARINA|8X12 DECORADA AGUA MARINA|9013.0
11X15 DECORADA AGUA MARINA|11X15 DECORADA AGUA MARINA|15398.0
15X18 DECORADA AGUA MARINA|15X18 DECORADA AGUA MARINA|25349.0
7X9 DECORADA|7X9 DECORADA|5451.0
8X12 DECORADA|8X12 DECORADA|8307.0
11X15 DECORADA|11X15 DECORADA|14278.0
15X18 DECORADA|15X18 DECORADA|23364.0
7X9 VERDE|7X9 VERDE|6627.0
7X9 AZUL|7X9 AZUL|6627.0
7X9 NARANJA|7X9 NARANJA|6627.0
8X12 VERDE|8X12 VERDE|10099.0
8X12 AZUL|8X12 AZUL|10099.0
8X12 NARANJA|8X12 NARANJA|10099.0
15X18 VERDE|15X18 VERDE|28607.0
15X18 AZUL|15X18 AZUL|28607.0
15X18 NARANJA|15X18 NARANJA|28607.0
7X14 TB PERFORADA X100|7X14 TB PERFORADA X100|2277.0
5X12 TB PERFORADA X100|5X12 TB PERFORADA X100|1385.0
6X14 TB PERFORADA X100|6X14 TB PERFORADA X100|2000.0
5X14 TB PERFORADA X100|5X14 TB PERFORADA X100|1710.0
11X15 AZUL|11X15 AZUL|17357.0
11X15 VERDE|11X15 VERDE|17357.0
11X15 NARANJA|11X15 NARANJA|17357.0
17.5X18 NAVIDAD X50|17.5X18 NAVIDAD|0.0
8X12 NAVIDAD X100|8X12 NAVIDAD|0.0
11X15 NAVIDAD X100|11X15 NAVIDAD|0.0
||
COLOSO 7+2+2X12 (C0-BB) B IMP|COLOSO 7+2+2X12 (C0-BB) B IMP|0.0
COLOSO 10+2.5+2.5X18 (C2-BB) B IMP|COLOSO 10+2.5+2.5X18 (C2- BB) B IMP|0.0
COLOSO 11+3+3X20 (C3-BB) B IMP|COLOSO 11+3+3X20 (C3-BB) B IMP|0.0
COLOSO 14+3+3X24 (C5-BB) B IMP|COLOSO 14+3+3X24 (C5-BB) B IMP|0.0
28X40 TA 2.0X100|28X40 TA 2.0 X100|38990.0
7X10 PP 1.5SP X100|7X10 PP 1.5SP|0.0
8X12 PP 1.0SPX100|8X12 PP 1.0SP|2022.0
8X12 PP 1.5SPX100|8X12 PP 1.5SP|3315.0
8X12 PP 2.0SPX100|8X12 PP 2.0SP|4287.0
10X14 PP 1.0SP X100|10X14 PP 1.0SP|2947.0
10X14 PP 1.5SP X100|10X14 PP 1.5SP|4815.0
10X14 PP 2.0SP X100|10X14 PP 2.0SP|6579.0
12X16 PP 1.0SP X100|12X16 PP 1.0SP|4043.0
12X16 PP 1.5SP X100|12X16 PP 1.5SP|6641.0
12X16 PP 2.0SP X100|12X16 PP 2.0SP|9015.0
14X16 PP 1.5SP X100|14X16 PP 1.5SP|7738.0
14X18 PP 1.5SP X 100|14X18 PP 1.5SP|8713.0
13X16 PP 2.0X100|13X16 PP 2.0|10365.0
4X5 TB 1.0X500|4X5 TB X500|2250.0
3X14 TB 2.0X100|3X14 TB 2.0|0.0
B IMP 12X13 VDE (MUNDO DE LAS GORRAS)|12X13 VERDE (MUNDO DE LAS GORRAS)|0.0
ROSQUILLAS Y TOCINETAS 5X9 PP B IMP|ROSQUILLAS Y TOCINETAS 5X9 PP B IMP|0.0
IN SPORT TENNIS 16X19 NA B IMP|IN SPORT TENNIS 16X19 NA B IMP|0.0
METRO GORRAS 12X16 BA B IMP|METRO GORRAS 12X16 BA B IMP|0.0
30X70 NA X50|30X70 NA|0.0
OLAFO 7+2+2+X16 BA B IMP|7+2+2X16 BA B IMP (OLAFO)|0.0
OLAFO 13+4+4X24 BA B IMP|13+4+4X24 BA B IMP (OLAFO)|0.0
OLAFO 11+3+3X20 BA B IMP|11+3+3X20 BA B IMP (OLAFO)|0.0
BOLSA 32X45 NG RECUPX100|24X33 NG REC|0.0
24X33 NA REC X10|24X33 NA RECX10 A|1100.0
B IMP 6X20 N.10 X50 MAMBO|6X20 N.10 B IMP(MAMBO)|0.0
B IMP 6X20 N.9 MAMBO|6X20 N.9 B IMP(MAMBO)|0.0
B IMP 6X18 N.10 X 25 MAMBO|6X18 N.10 B IMP(MANBO)|33.0
B IMP 5.5X18 N 5.5X50 MAMBO|5.5X18 N.5.5 B IMP(MAMBO)|30.0
AREPAS LA ALDEA 7.5X9 TA B IMP|AREPAS LA ALDEA 7.5X9 TA B IMP|10.0
AREPAS LA ALDEA 8X10 TA B IMP|AREPAS LA ALDEA 8X10 TA B IMP|12.0
AREPAS LA ALDEA 9X11 TA B IMP|AREPAS LA ALDEA 9X11 TA B IMP|14.0
GLOBOS WILPA 5.5X8.5 PP B IMP|GLOBOS WILPA 5.5X8.5 PP B IMP|40.0
17X24 PP 1.0X100|17X24 PP 1.0|9610.0
B IMP 7.5X14+2 TB DISTRIQUESOS L Y M|7.5X14+2 TB B IMP (DISTRIQUESOS L Y M)|58.0
8X14 PP 1.5 SP Y FUELLE|8X14 PP 1.5SP FUE|3632.0
B ROLER NB 42X70 CL.2.0|ROLER 42X70 NB|900.0
B IMP 11X15 BA KAPERUZA|11X15 BA B IMP (KAPERUZA)|139.0
B IMP 5.5X20 TB REF 7X50 MAMBO|5.5X20 TB REF 7.50 B IMP(MAMBO)|33.0
5X14 PP .2.0 X100|5X14 PP 2.0|3000.0
B IMP 5.5X16 REF CAFÉ EJECUTIVO MAMBO|5.5X16 REF CAFE EJECUTIVO B IMP (MAMBO)|25.0
26X34 TB CL.2.0X1|26X34 TB|305.0
22X32 TB 2.0X100|22X32 TB|244.0
30X44 TB 2.0X1|30X44 TB|457.0
3X5 TB 1.0 X100|3X5 TB 1.0X100|369.0
18X24 TA 2.0X100|18X24 TA|4305.0
24X33|24X33|1000.0
3X6 PP 2.0X500|3X6 PPX500|785.0
26X40 NA 2.0X50|26X40 NAX50|10000.0
26X40 NA CL 2 X 10|26X40 NAX10|2200.0
4X5 TB.2.0 X500|4X5 TB 2.0 X500|5480.0
GLOBOS WILPA 7.5X11 PP B IMP|GLOBOS WILPA 7.5X11 PP B IMP|76.0
B IMP 9+3+3 BA X 20 METRO GORRAS|9+3+3 BA X 20 B IMP (METRO GORRAS)|143.0
B IMP 18X24 TB 2.0 (GENIO)|18X24 TB 2.0 (GENIO)|0.0
B+994:1020 IMP 7X18 TB REF 14X25 MAMBO|7X18 TB REF 14X25 (MAMBO)|38.0
T-40 NA RECX100|T-40 NA RECX100|7120.0
B IMP 7+2+2X18 BA CALZADO NARANJA|7+2+2X18 BA B IMP (CALZADO NARANJA)|63.0
B IMP 26X40 BA OLAFO|26X40 BA B IMP (OLAFO)|261.0
9X8 PP 1.5 X100|9X8 PP 1.5|2400.0
18X24 AZUL 1.0X100|18X24 AZUL|4873.0
24X34 AZUL 1.0X100|24X34 AZUL|9680.0
T-15BA(A) X100|T-15BA(A)|1350.0
T-15NA(A) X100|T-15NA(A)|1350.0
B IMP 6X8 BA (PANZEROTIS)|6X8 BA (PANZEROTIS)|9.0
32X45 NA X10|32X45 NA X10|3300.0
T-40NA X12|T-40NA X12|1000.0
B IMP 14+3.5+3.5X24 CALZADO NARANJA|14+3.5+3.5 X 24 B IMP(CALZADO NARANJA)|207.0
PRODUCTOS CAMI B IMP 6X8 PP|PRODUCTOS CAMI 6X8 PP B IMP|28.0
5X6 TB 1.0 X 500|5X6 TB X 500|2938.0
PITILLO EMPACADO 9X16 TB B IMP|PITILLO EMPACADO 9X16 TB B IMP|59.0
B IMP 12X16 TB CAÑITA GRANIZADO|12X16 TB B IMP (CAÑITA GRANIZADO)|55.0
9X16 TB 1.0X100|9X16 TB|2369.0
6X12 PP 1.5 X 100|6X12 PP 1.5|0.0
14X16 PP 1.0 X100 A|14X16 PP 1.0 A|4296.0
24X34 VERDE 1.4X100|24X34 VERDE 1.40X100|28825.0
10X12 PP 1.5X100|10X12 PP|3600.0
12X20 PP 2.0X100|12X20 PP|10000.0
B IMP 8X8 PP (CHOCO LUIS)|8X8 PP (CHOCO LUIS)|0.0
5X6 PP 2.0X500|5X6 PP CL 2.0|1270.0
18X36 CV TB 1.0X100|18X36 CV TB|10500.0
2X5 PP 1.0X500|2X5 PP|1600.0
3X7 PP 1.0X100|3X7 PP|0.0
18X30 CV TB 1.0X100|18X30 CV TB|0.0
5X14 TB 2.0X100|5X14 TB 2.0|0.0
10X14 TB 1.5X100|10X14 TB 1.5|0.0
2X6 TB 2.0 X 500|2X6 TB|0.0
6X9 TB 1.5X100|6X9 TB 1.5|1950.0
18X18 TB 1.5X100|18X18 TB 1.5|0.0
3X9 TB 1.0X100|3X9 TB|409.0
13X8 TB 1.0X100|13X8 TB|0.0
10X18 TB 1.0X100|10X18 TB|2913.0
4.5X10 TB 1.0 X 100|4.5X10 TB|0.0
4X7 TB 1.0X500|4X7 TB 1.0|2781.0
B IMP 5X12 TB 0.80 (ECOPIT)|5X12 TB 0.80|0.0
C-2 COLORES X 100|C-2 COLORES|10460.0
SUNCH 10X12 PP B IMP|SUNCH 10X12 PP B IMP|109.0
3X5 PP CL 1X100|3X5 PP|700.0
7X12 TA CL.1.0 X100|7X12 TA|730.0
ECOPIT 5X12 TB B IMP|ECOPIT 5X12 TB|15.0
CHOCOLUIS 8X8 PP B IMP|CHOCOLUIS 8X8 PP|26.0
24X41 TA CL 1.70X50|24X41 TA|32346.0
28X40 TA CL 1X100|28X40 TA|26230.0
26X40 VERDE CL 1 X 100|26X40 VERDE|20000.0
26X40 GRIS CL 1 X 100|26X40 GRIS|20000.0
EL GATO 7+2+2X17 BB CL 1.30|EL GATO 7+2+2X17|0.0
FIORENZO 12X16 PP B IMP|12X16 PP B IMP (FIORENZO)|97.0
OXICLORURO 9X14 BB B IMP|OXICLORURO 9X14 BB B IMP|141.0
FAZE III 12X16 SP B IMP|FAZE III 12X16 SP B IMP|79.0
C-1 COLORES|C-1 COLORES|7035.0
PALMETO 12X16 PP B IMP|12X16 PP B IMP (PALMETO)|74.0
PALACIO NACIONAL 13X18 BA B IMP|13X18 BA B IMP (PALACIO NACIONAL)|160.0
KENDALL 12X16 B IMP|12X16 B IMP (KENDALL)|86.0
6X9 PP CL 2.0|6X9 PP CL 2.0|4100.0
ASTOLFO 13X17 AZUL B IMP|ASTOLFO 13X17 AZUL B IMP|197.0
PRECIOS LOCOS 15X18 VERDE B IMP|PRECIOS LOCOS 15X18 VERDE B IMP|0.0
PRECIOS LOCOS 11X15 VERDE B IMP|PRECIOS LOCOS 11X15 VERDE B IMP|0.0
POPEYE 6X9 PP B IMP|POPEYE 6X9 PP B IMP|0.0
10X10 ALMACIGO|10X10 ALMACIGO|1400.0
3.5X5 TB X 500|3.5X5 TB X 500|1924.0
MARO 10X14 PP B IMP|MARO 10X14 PP B IMP|82.0
SHARON FASHION 15X18 BLANCA B IMP|15X18 BLANCA B IMP(SHARON FASHION)|244.0
SHARON FASHION 18X24 BLANCA B IMP|18X24 BLANCA B IMP (SHARON FASHION)|346.0
4X5 PP CL 1X100|4X5 PP|895.0
10X20 PP CL 1.5|10X20 PP|6500.0
5X12 PP 1.5 ADHESIVO|5X12 PP 1.5 AD|0.0
13X18 PP CL 2.0|13X18 PP|0.0
DURACOLOR 8X12 BB B IMP|8X12 BB|87.0
DURACOLOR 12X15 BB B IMP|12X15 BB|163.0
F.C. JEANS 12X16 ADHESIVO|12X16 ADHESIVO|111.0
BIENESTAR FAMILIAR 18X24+3+5 TA B IMP|18X24+3+5 TA B IMP (BIENESTAR FAMILIAR)|600.0
5X7 NBX500 ALMACIGO|5X7 NBX500|3150.0
IBIZA 13X18 B IMP|IBIZA 13X18 B IMP|200.0
TODO CASCO 11+3+3X20 TA B IMP|TODO CASCO 11+3+3X20 TA B IMP|65.0
BARCO DEL PELUQUERO 11X15 BA B IMP|11X15 BA B IMP|141.0
F.C JEANS 12X16 PP ADHESIVO|F.C JEANS 12X16 PP ADHE (B IMP)|122.0
VERSALLES 5+2+2X11 BA BIODEGRADABLE|VERSALLES 5+2+2X11 BA BIO (B IMP)|56.0
8X12 PP ADHESIVO CL 1.5|8X12 PP ADH CL 1.5|4369.0
7X8 TB CL 2|7X8 TB CL2|2336.0
MISTER CAT 12X17 TB B IMP|MISTER CAT 12X17 TB|216.0
12X13 PP CV 1.0X100|12X13 PP CV 1.0X100|3500.0
10X14 PP CL 1.5 ADHESIVO|10X14 PP CL 1.5 ADH|6159.0
12X16 PP CL 1.5 ADHESIVO|12X16 PP CL 1.5 ADHESIVO|8235.0
FRUVER BOLITATO C-4 BB B IMP|FRUVER BOLITATO C-4 BB B IMP|270.0
FORGOD 15X18 ROJA B IMP|FORGOD 15X18 ROJA B IMP|214.0
YAYSE 11X15 VERDE B IMP|YAYSE 11X15 VERDE B IMP|148.0
UNLIMID 12X16 PP B IMP|UNLIMID 12X16 PP|81.0
QUESTIONS 12X16 PP B IMP|QUESTIONS 12X16 PP|82.0
4X6 PP C 2.0X500|4X6 PP C 2.0X500|1030.0
9X10 PP C.1.0|9X10 PP|1850.0
11X10 PP C.1.0.|11X10 PP|2330.0
12.5X14 PP SIN SOLAPA C.2.0|12.5X14 PP SIN SOLAPA C.2.0|6800.0
10X10 PP C. 1.5 X 100|10X10 PP|3380.0
VARIEDADES MONCHO 12+3+3X24 B IMP|VARIEDADES MONCHO 12+3+3X24 B IMP|193.0
VARIEDADES MONCHO 9+2.5+2.5X18 B IMP|VARIEDADES MONCHO 9+2.5+2.5X18|116.0
VARIEDADES MONCHO 14+3+3X24|VARIEDADES MONCHO 14+3+3X24|215.0
BAJAJ 3.5X4.5 PP B IMP|BAJAJ 3.5X4.5 PP B IMP|15.0
MARITO 10X14 PP B IMP|MARITO 10X14 PP B IMP|82.0
RICO DELY 6X11 B IMP|RICO DELY 6X11 B IMP|40.0
MUNDIBOLSOS 16X19+3 B IMP|MUNDIBOLSOS 16X19+3 B IMP|313.0
CASA DEL PERRERO 7.5X16 TB B IMP|CASA DEL PERRERO 7.5X16 TB B IMP|58.0
SARYMAR 7.5X16 TB B IMP|SARYMAR 7.5X16 TB B IMP|58.0
TEXTILES EL GATO 12+3+3X24 B IMP|TEXTILES EL GATO 12+3+3X24 B IMP|170.0
MAMBO 5.5X 14 TB (REF 7X25) B IMP|MAMBO 5.5X 14 TB (REF 7X25) B IMP|20.0
ANISSA 16X16 BA B IMP|ANISSA 16X16 BA B IMP|159.0
QUESTIONS KIDS 10X14 PP B IMP|QUESTIONS KIDS 10X14 PP B IMP|54.0
CODIGO BARRAS 4X16 X 100|CODIGO BARRAS 4X16 X 100|26.0
CODIGO BARRAS 5X16 X 300|CODIGO BARRAS 5X16 X 300|31.0
ZEROX 12X16 PP SP|ZEROX 12X16 PP SP|107.0
5X7.5 PP CL 2.50|5X7.5 PP CL 2.50|24.0
ZAIRA 4.5X7 PP B IMP|ZAIRA 4.5X7 PP B IMP|0.0
13X15 BA TROQUEL|13X15 BA TROQUEL|11200.0
10X12 BA TROQUEL|10X12 BA TROQUEL|6500.0
MAMBO 6X20 N. 12 X 50 B IMP|MAMBO 6X20 N. 12 X 50 B IMP|35.0
PITILLO PAJITA 4.5X12 TB B IMP|PITILLO PAJITA 4.5X12 TB B IMP|13.0
IBIZA 18X24 VERDE B IMP|IBIZA 18X24 VERDE B IMP|340.0
LEONISA 8X16 PP ADHESIVO B IMP|LEONISA 8X16 PP ADHESIVO B IMP|64.0
5X14 TB PERFORADA|5X14 TB PERFORADA|1338.0
RED DEEP 12X16 PP B IMP|RED DEEP 12X16 PP B IMP|75.0
10X14 PP CL 1.10 ADHESIVO|10X14 PP CL 1.10 ADHESIVO|5480.0
KLEAN 12X16 PP SP B IMP|KLEAN 12X16 PP SP B IMP|86.0
X-POWER 16+3+2X17.5 B IMP|X-POWER 16+3+2X17.5 B IMP|274.0
13X18 PP CL 1.5|13X18 PP CL 1.5|7200.0
7X9 DECORADA|7X9 DECORADA|3714.0
8X16 PP CL 2.0|8X16 PP CL 2.0|0.0
REGALITOYS 15+4+4X24 BA B IMP|REGALITOYS 15+4+4X24 BA B IMP|315.0
5X8 PP CL 1.5 SIN SOLAPA|5X8 PP CL 1.5 SIN SOLAPA|1200.0
EL CONSTRUCTOR 8X12 BB|EL CONSTRUCTOR 8X12 BB|92.0
UNLIMID 10X15 PP B IMP|UNLIMID 10X15 PP B IMP|56.0
ZULY 15X18 CONFITE B IMP|ZULY 15X18 CONFITE B IMP|244.0
ZULY 8X12 CONFITE B IMP|ZULY 8X12 CONFITE B IMP|126.0
ONTWELTH 15X18 NEGRA B IMP|ONTWELTH 15X18 NEGRA B IMP|135.0
ONTWELTH 11X15 NEGRA B IMP|ONTWELTH 11X15 NEGRA B IMP|135.0
KAPERUZA 11X15 BLANCA B IMP|KAPERUZA 11X15 BLANCA B IMP|151.0
CANELA 11X15 NEGRA B IMP TIRA|CANELA 11X15 NEGRA B IMP TIRA|221.0
CANELA 15X18 NEGRA B IMP TIRA|CANELA 15X18 NEGRA B IMPTIRA|277.0
GAME SHOP 11X15 NEGRA B IMP|GAME SHOP 11X15 NEGRA B IMP|148.0
GAME SHOP 8X12 NEGRA B IMP|GAME SHOP 8X12 NEGRA B IMP|112.0
9.5X16 PP CL 2.0 FUELLE Y SOLAPA X 100 UND|9.5X16 PP CL 2.0 FUELLE Y SOLAPA X 100 UND|64.0
9.5X16 PP CL 2.0 FUELLE SOL Y GANCHO X 25 UNID|9.5X16 PP CL 2.0 FUELLE SOL Y GANCHO X 25 UNID|130.0
PUERTO BARATO 18X24 AZUL B IMP|PUERTO BARATO 18X24 AZUL B IMP|304.0
ZERITOX 9X15 PP B IMP|ZERITOX 9X15 PP B IMP|70.0
PAJITA MEZCLADOR 7X11 TB B IMP|PAJITA MEZCLADOR 7X11 TB B IMP|23.0
NAVIDAD 8X12 X 100|NAVIDAD 8X12 X 100|5700.0
NAVIDAD 11X15 X 100|NAVIDAD 11X15 X 100|9250.0
ESPONJAS EXPRESS 5X9 PP B IMP|ESPONJAS EXPRESS 5X9 PP B IMP|28.0
NAVIDAD 18X18 X 50|NAVIDAD 18X18 X 50|13000.0
KANGUPOR 5.5X16 TB REF 3.5X50 B IMP|KANGUPOR 5.5X16 TB REF 3.5X50 B IMP|21.0
GLOBOS WILPA 8X12 PP B IMP|GLOBOS WILPA 8X12 PP B IMP|89.0
37X51 TA|37X51 TA|483.0
INN MODA 15X18 BLANCA B IMP|INN MODA 15X18 BLANCA B IMP|220.0
42X51 NEGRA|42X51 NEGRA|650.0
19X37 TB CL 1.5|19X37 TB CL 1.5|250.0
ROMANTIC WISH 11X15 NEGRA|ROMANTIC WISH 11X15 NEGRA|162.0
ROMANTIC WISH 15X18 NEGRA|ROMANTIC WISH 15X18 NEGRA|219.0
CAÑITA 6.5X14 TB|CAÑITA 6.5X14 TB|24.0
CAÑITA GRANIZADO 11.5X16 TB|CAÑITA GRANIZADO 11.5X16 TB|60.0
CELESTE 9X11 PP ADHESIVO B IMP|CELESTE 9X11 PP ADHESIVO B IMP|61.0
7.5X8 PP CL 1.0|7.5X8 PP CL 1.0|0.0
OPTICA 8X12 BA B IMP|OPTICA 8X12 BA B IMP|103.0
EL ROPARIO 15X18 BA B IMP|EL ROPARIO 15X18 BA B IMP|195.0
LOLYKIUT 15X18 CONFETTY B IMP|LOLYKIUT 15X18 CONFETTY B IMP|228.0
LOLYKIUT 11X15 CONFETTY B IMP|LOLYKIUT 11X15 CONFETTY B IMP|153.0
EXOTICS 14X17 BA B IMP|EXOTICS 14X17 BA B IMP|150.0
PLASTICOS SANCHEZ 12+2.5+2.5X24 BA|PLASTICOS SANCHEZ 12+2.5+2.5X24 BA|108.0
PLASTICOS SANCHEZ 24X33 BA|PLASTICOS SANCHEZ 24X33 BA|150.0
5X8 PP CL 2.5|5X8 PP CL 2.5|0.0
MAITE 11X15 NEGRA B IMP|MAITE 11X15 NEGRA B IMP|193.0
OSTY URBAN 12X16 ADHS B IMP|OSTY URBAN 12X16 ADHS B IMP|143.0
MARIANGY 11X15 AMARILLA B IMP|MARIANGY 11X15 AMARILLA B IMP|151.0
10X16 PP CL 2.4|10X16 PP CL 2.4|89.0
10X27.5 PP CL 2.4|10X27.5 PP CL 2.4|150.0
12X27.5 PP CL 2.4|12X27.5 PP CL 2.4|180.0
TENNIS SPORT 15X18 BA|TENNIS SPORT 15X18 BA|216.0
ASTOLFO 11X15 ROJA B IMP|ASTOLFO 11X15 ROJA B IMP|140.0
PAJITA MEZCLADOR 6.5X10 TB B IMP|PAJITA MEZCLADOR 6.5X10 TB B IMP|17.0
EL SIGLO 12+3+3X24 BA BIO B IMP|EL SIGLO 12+3+3X24 BA BIO B IMP|225.0
3.5X6 PP CL 1.5 X 500|3.5X6 PP CL 1.5 X 500|625.0
BUKURI 11X15 NA B IMP|BUKURI 11X15 NA B IMP|142.0
ZUPLA 77 6X20 TB B IMP|ZUPLA 77 6X20 TB B IMP|31.0
PITILLO PAJITA 4.5X11 TB|PITILLO PAJITA 4.5X11 TB|14.0
7X9.5 TB X 100|7X9.5 TB X 100|1200.0
LETRAS 16X24 TB IMPR|LETRAS 16X24 TB IMPR|200.0
PAJITA PITILLO 4.5X11.5 TB|PAJITA PITILLO 4.5X11.5 TB|14.0
CAÑITA PITILLO 4.5X11.5 TB IMPR|CAÑITA PITILLO 4.5X11.5 TB IMPR|14.0
COROTOS DE LIZA 8X12 BLANCA IMPR|COROTOS DE LIZA 8X12 BLANCA IMP|104.0
ROPERO 15X18 BA IMP|ROPERO 15X18 BA IMP|194.0
GAME SHOP 18X24 NA IMPR|GAME SHOP 18X24 NA IMPR|295.0
PAJITA MEZCLADOR 7X9.5 TB B IMP|PAJITA MEZCLADOR 7X9.5 TB B IMP|22.0
AREPAS FABI 8X9 TB B IMPR|AREPAS FABI 8X9 TB B IMPR|25.0
4.5X9 PP CL 1.5|4.5X9 PP CL 1.5|0.0
NEON 12X16 PP SLPA|NEON 12X16 PP SLPA|105.0
8X14 PP 2.0 FUELLE INC|8X14 PP 2.0 FUELLE INC|5432.0
3X6 PP 1.0X100|3X6 PP 1.0X100|0.0
12X12 PP 2.0X100|12X12 PP 2.0X100|7700.0
KENDAL 10X14 PP B IMP|KENDAL 10X14 PP B IMP|56.0
LEO RONAL 14X18 AMARILLA|LEO RONAL 14X18 AMARILLA|220.0
MODA EXTREMA 11X14 NARANJA IMPR|MODA EXTREMA 11X14 NARANJA IMPR|121.0
MODA EXTREMA 16X18+3+3 NARANJA IMPR|MODA EXTREMA 16X18+3+3 NARANJA IMPR|266.0
18X24 BEIGE|18X24 BEIGE|5850.0
6X8 PP CAL 2|6X8 PP CAL 2|0.0
IMPERIAL 8X18 TB B IMP|IMPERIAL 8X18 TB B IMP|75.0
KAPERUZA 15X18 BA B IMP|KAPERUZA 15X18 BA B IMPR|208.0
8X12 NA ALMACIGO X 100|8X12 NA ALMACIGO X 100|1080.0
TEXTILES EL GATO 26X40 B IMP|TEXTILES EL GATO 26X40 B IMP|396.0
5X12 TB PERFORADA|5X12 TB PERFORADA|1175.0
VARIEDADES ISMAEL 12X16 BA|VARIEDADES ISMAEL 12X16 BA|160.0
7X16 TB PERFORADA|7X16 TB PERF|1663.0
8X16 PP CL 1.5 ADHESIVO|8X16 PP CL 1.5 ADHESIVO|51.0
TEXTILES EL GATO 20X30 BA B IMPR|TEXTILES EL GATO 20X30 BA B IMPR|231.0
AMANTINO 12X16 PP B IMPR|AMANTINO 12X16 PP B IMPR|85.0
IDUN 11X15 BLANCA|IDUN 11X15 BLANCA|160.0
ASTOLFO 16X22 ROJA|ASTOLFO 16X22 ROJA|290.0
CARBON VEGETAL 16X22 TB|CARBON VEGETAL 16X22 TB|305.0
ESTAMBOOL 18X27 TB|ESTAMBOOL 18X27 TB|255.0
MUNDO OFERTAS 15X18|MUNDO OFERTAS 15X18|222.0
EL BOMBAZO 15X18 AZUL B IMP|EL BOMBAZO 15X18 AZUL B IMPR|221.0
MUNDO OFERTAS 11X15 FUCSIA B IMP|MUNDO OFERTAS 11X15 FUCSIA B IMP|157.0
KISS 15X18 NEGRA B IMP|KISS 15X18 NEGRA B IMP|210.0
KISS 11X15 NEGRA B IMP|KISS 11X15 NEGRA B IMP|153.0
GAME SHOP 15X18 NEGRA B IMP|GAME SHOP 15X18 NEGRA B IMP|205.0
6X10 NA ( ALMACIGO ) X 100|6X10 NA ( ALMACIGO ) X 100|850.0
BESITOS 6X9 PP B IMPR|BESITOS 6X9 PP B IMPR|0.0
BESITOS 4.5X7 PP B IMPR|BESITOS 4.5X7 PP B IMPR|0.0
14X17+3 AZUL|14X17+3 AZUL|220.0
CHICLAYO 15X18 BLANCA B IMPR|CHICLAYO 15X18 BLANCA B IMP|288.0
PLAYON 15X18 AZUL B IMP|PLAYON 15X18 AZUL B IMPRESA|222.0
PLAYON 11X15 AZUL B IMP|PLAYON 11X15 B IMP|159.0
VINIPEL 4X16 PP|VINIPEL 4X16 PP|29.0
VINIPEL 5X16 PP|VINIPEL 5X16 PP|34.0
7X14 PP CL 1.5|7X14 PP CL 1.5|3250.0
10X18 PP CL 2.0|10X18 PP CL 2.0|8600.0
10X14 TB CL 1.5|10X14 TB CL 1.5|4230.0
SUMERGIR 12X16 PP B IMP|SUMERGIR 12X16 PP B IMP|108.0
SARISA 15X17 BA B IMP|SARISA 15X17 BA B IMPRESA|226.0
KLLEJEROS 15X18 NA B IMPR|KLLEJEROS 15X18 NA B IMPR|225.0
METRO GORRAS 9+3+3X20 BA B IMPR|METRO GORRAS 9+3+3X20 BA B IMPR|105.0
ONTWELFTH 18X24 NEGRA B IMPR|ONTWELFTH 18X24 NEGA B IMPR|299.0
VELY 15X18 NEGRA B IMPR|VELY 15X18 NEGRA B IMPR|205.0
PAPIKA 10+2.5+2.5X16 BB|PAPIKA 10+2.5+2.5X16 BB|98.0
PAPIKA 11+3+3X20 BB|PAPIKA 11+3+3X20|144.0
4.5X9 PP X 100|4.5X9 PP X 100|0.0
4.5X9 PP ADHESIVO X 100|4.5X9 PP ADHESIVO X 100|2300.0
LINEA UNICA 10+2.5+2.5X16 BB|LINEA UNICA 10+2.5+2.5X16 BB|98.0
INDIANO 11X15 PP B. IMPR|INDIANO 11X15 PP B. IMPR|77.0
KASHEES 14+2X15 BA|KASHEES 14+2X15 BA|208.0
VALEN STORE 11X15 BLANCA B IMPR|VALEN STORE 11X15 BLANCA B IMP|149.0
EL MUNDO DE LAS GORRAS 12X13 VERDE|EL MUNDO DE LAS GORRA 12X13 VERDE|90.0
VALEN STORE 15X18 BA|VALEN STORE 15X18 BA|205.0
PLAYON 8X12 AZUL|PLAYON 8X12 AZUL|116.0
8X12 PP CL 1.10 ESPECIAL|8X12 PP CL 1.10 ESPECIAL|4000.0
PUNTO ROSA 11X15 BLANCA|PUNTO ROSA 11X15 BLANA|168.0
ZULY 11X15 ROSADA|ZULY 11X15 ROSADA|171.0
PUNTO ROSA 15X18 BLANCA|PUNTO ROSA 15X18 BLANCA|228.0
5.5X8 PP C2 X 500|5.5X8 PP C-2 X 500|0.0
DIVINO 11X15 NA C2 2 TINTAS|DIVINO 11X15 NA C2 2 TINTAS|209.0
5.5X9 PP C2 X 500|5.5X9 PP C2 X 500|11500.0
MAMBO 4X14 TB REF 1.5X50|MAMBO 4X14 TB REF 1.5X50|18.0
24X34 BEIS X 100|24X34 BEIS X 100|9680.0
ORGANIC 15X18 NEGRA B IMPR|ORGANIC 15X18 NEGRA B IMPR|228.0
LEO RONAL 11X15 AMARILLA B IMPR|LEO RONAL 11X15 AMARILLA B IMPR|125.0
LEO RONAL 13X18 AMARILLA B IMPR|LEO RONAL 13X18 AMARILLA B IMP|206.0
3X5 PP CL 2.0 X 500|3X5 PP CL 2.0 X 500|665.0
3.5X5 PP CL 2.0 X 500|3.5X5 PP CL 2 X 500|4500.0
4X5 PP CL 2.0 X 500|4X5 PP CL 2 X 500|5000.0
FAJITEX 11X15 BA B IMPR|FAJITEX 11X15 BA B IMPR|125.0
7.5X 12 TB DISTRIQUESOS|7.5X12 TB DISTRIQUESOS|60.0
7.5X17 TB DISTRIQUESOS|7.5X17 TB DISTRIQUESOS|86.0
10.5X16 PP FUELLE-SOLAPA CL 2|10.5X16 PP|8700.0
3X8 TB LA EUROPEA B IMP|3X8 TB LA EUROPEA|0.0
6X8 TA 1.0X100 A|6X8 TA A|550.0
6X9 TA 1.0X100 A|6X9 TA A|600.0
7X10 TA 1.0X100 A|7X10 TA A|750.0
7X11 TA 1.0X100 A|7X11 TA A|0.0
8X10 TA 1.0X100 A|8X10 TA A|800.0
8X12 TA 1.0X100 A|8X12 TA A|950.0
9X12 TA 1.0X100 A|9X12 TA A|1050.0
10X14 TA 1.0X100 A|10X14 TA A|1300.0
12X16 TA 1.0X100 A|12X16 TA A|1850.0
14X20 TA 1.0X100 A|14X20 TA A|3000.0
15X22 TA 2.0X100|15X22 TA|4000.0
16X22 TA 1.0X100 A|16X22 TA A|4200.0
18X23 TA 1.0X100 A|18X23 TA A|5200.0
20X30 TA 1.0X100 A|20X30 TA A|7500.0
CL80 TA 1.0X100 A|CL 80 TA A|12700.0
25.5X40 TA X100(CANAST)A|25.5X40 TA A|12250.0
28X32 TA 1.0X100 A|28X32 TA A|21300.0
28X40 TA 2.0X50 A|28X40 TA 2.0X50 A|26600.0
4X6 BA 1.0X100 A|4X6 BA A|500.0
6X8 BA 1.0X100 A|6X8 BA A|600.0
7X10 BA 1.0X100 A|7X10 BA A|800.0
8X12 BA 1.0X100 A|8X12 BA A|1100.0
10X14 BA 1.0X100 A|10X14 BA A|1400.0
12X16 BA 1.0X100 A|12X16 BA A|1900.0
14X20 BA 1.0X100 A|14X20 BA A|3100.0
15X22 BA 1.0X100 A|15X22 BA A|4050.0
18X23 BA 1.0X100 A|18X23 BA A|5300.0
20X30 BA 1.0X100 A|20X30 BA A|7700.0
24X33 BA 1.0X100 A|24X33 BA A|1150.0
26X40 NA 2.0X 50|26X40 NA CL 2 X 50|11000.0
6X8 NA 1.0X100 A|6X8 NA A|550.0
7X10 NA 1.0X100 A|7X10 NA A|750.0
8X10 NA 1.0X100 A|8X10 NA A|800.0
8X12 NA 1.0X100 A|8X12 NA A|950.0
10X14 NA 1.0X100 A|10X14 NA A|1300.0
12X16 NA 1.0X100 A|12X16 NA A|1850.0
14X20 NA 1.0X100 A|14X20 NA A|3000.0
15X22 NA 1.0X100 A|15X22 NA A|4000.0
18X23 NA 1.0X100 A|18X23 NA A|5200.0
20X30 NA 1.0X100 A|20X30 NA A|7500.0
20X30 NA 2.0X100 A|20X30 NA A|12700.0
24X33 NA 1.0X12 A|24X33 NA A|1600.0
24X33 NA 1.0X100 A|24X33 NA A|10000.0
24X33 NA 2.0X100 A|24X33 NA A|16700.0
26X40 NA 2.0X12 A|26X40 NA A|3200.0
26X40 NA 2.0X100 A|26X40 NA.A|22000.0
28X32 NA 1.0X100 A|28X32 NA A|21300.0
28X40 NA 2.0X100 A|28X40 NA A|26600.0
32X45 NA 1.0X50 A|32X45 NA A|17500.0
18X24 VERDE 1.0X100 A|18X24 VERDE A|7000.0
18X24 ROJA 1.0X100 A|18X24 ROJA A|7000.0
18X24 GRIS 1.0X100 A|18X24 GRIS A|4873.0
24X34 VERDE 1.0X100 A|24X34 VERDE A|13200.0
24X34 ROJA 1.0X100 A|24X34 ROJA A|12300.0
24X34 GRIS 1.0X100 A|24X34 GRIS A|12300.0
2X4 TB 2.0X500 A|2X4 TB A|2600.0
2X5 TB 2.0X500 A|2X5 TB A|3200.0
2X8 TB 1.0X100 A|2X8 TB A|500.0
200|0|600.0
3X5 TB 2.0X500 A|3X5 TB 2.0X500 A|2500.0
3.5X5 TB 1.0 X500|3.5X5 TB 1.0X500|1924.0
3X14 TB 1.0X100 A|3X14 TB A|900.0
3X16 TB 2.0X100 A|3X16 TB A|2300.0
4X5 TB 1.0X100 A|4X5 TB A|500.0
4X6 TB 1.0X100 A|4X6 TB A|550.0
4X10 TB 1.0X100 A|4X10 TB A|800.0
4X12 TB 1.0X100 A|4X12 TB A|1000.0
4X14 TB 1.0X100 A|4X14 TB A|1100.0
5X7 TB 1.0X100|5X7 TB 1.0X100|640.0
5X8 TB 1.0X100 A|5X8 TB A|800.0
5X10 TB 1.0X100 A|5X10 TB A|1000.0
5X12 TB 1.0X100 A|5X12 TB A|1200.0
5X14 TB 1.0X100 A|5X14 TB A|1350.0
6X8 TB 1.0X100 A|6X8 TB A|950.0
6X9 TB 1.0X100 A|6X9 TB A|1100.0
6X9 TB 2.0X100 A|6X9 TB.A|2650.0
6X10 TB 1.0X100 A|6X10 TB A|0.0
6X12 TB 1.0X100 A|6X12 TB A|1400.0
6X14 TB 1.0X100 PERFORADA|6X14 TB PERFORADA|1563.0
6X16 TB 1.0X100 A|6X16 TB A|1900.0
7X10 TB 1.0X100 A|7X10 TB A|1200.0
7X10 TB 2.0X100 A|7X10 TB 2.0 A|3200.0
7X12 TB 1.0X100 A|7X12 TB A|1400.0
7X14 TB 1.0X100 PERFORADA|7X14 TB PERFORADA|2277.0
7X16 TB 1.0X100 A|7X16 TB A|2000.0
8X10 TB 1.0X100 A|8X10 TB A|1350.0
8X12 TB 1.0X100 A|8X12 TB A|1600.0
8X12 TB 2.0X100 A|8X12 TB 2.0 A|4300.0
8X16 TB 1.0X100 A|8X16 TB A|2150.0
8X18 TB 2.0X100 A|8X18 TB A|6100.0
9X12 TB 1.0X100 A|9X12 TB A|1800.0
9X14 TB 1.0X100 A|9X14 TB A|2100.0
10X14 TB 1.0X100 A|10X14 TB A|2300.0
10X14 TB 2.0X100 A|10X14 TB 2.0 A|6300.0
10X16 TB 1.0X100 A|10X16 TB A|2650.0
12X16 TB 1.0X100 A|12X16 TB A|3200.0
12X16 TB 2.0X100 A|12X16 TB.A|8600.0
12X18 TB 1.0X100 A|12X18 TB A|3600.0
12X18 TB 2.0X100 A|12X18 TB.A|9200.0
14X20 TB 1.0X100 A|14X20 TB A|4650.0
14X20 TB 2.0X100 A|14X20 TB.A|12550.0
14X25 TB 2.0X100 ARROB A|14X25 TB A|14800.0
16X22 TB 1.0X100 A|16X22 TB A|5850.0
18X24 TB 1.0X100 A|18X24 TB A|6800.0
20X30 TB 1.0X100 A|20X30 TB A|9500.0
2X4 PP 1.0X500 A|2X4 PP A|1650.0
3X4 PP 1.0X500 A|3X4 PP A|2100.0
3X5 PP 1.0X500 A|3X5 PP A|2500.0
3X6 PP 2X100 A|3X6 PP A|4500.0
4X5 PP 1.0X500 A|4X5 PP A|650.0
4X6 PP 1.0X100 A|4X6 PP A|0.0
4X6 PP 1.0X500 A|4X6 PP 1.0X500 A|0.0
5X7 PP 1.0X100 A|5X7 PP A|0.0
5X8 PP 1.0X100 A|5X8 PP A|0.0
5X10 PP 1.0X100 A|5X10 PP A|0.0
5X12 PP 1.0X100 A|5X12 PP A|0.0
6X8 PP 1.0X100 A|6X8 PP A|0.0
6X9 PP 1.0X100 A|6X9 PP A|0.0
6X10 PP 2.0X100 A|6X10 PP A|0.0
6X12 PP 1.0X100 A|6X12 PP A|0.0
7X10 PP 1.0X100 A|7X10 PP A|1700.0
7X12 PP 1.0X100 A|7X12 PP A|2000.0
7X14 PP 1.0X100 A|7X14 PP A|2200.0
7X16 PP 1.0X100 A|7X16 PP A|2600.0
8X10 PP 1.0X100 A|8X10 PP A|1804.0
8X12 PP 1.0X100 A|8X12 PP A|2200.0
8X12 PP 1.5X100 A|8X12 PP.A|3200.0
8X12 PP 2.0X100 A|8X12 PP 2.0 A|4350.0
8X12 PP 2.0X100ADHESIVO A|8X12 PP 2.0 ADHES A|5600.0
8X14 PP 1.0X100 A|8X14 PP A|2500.0
9X12 PP 1.0X100 A|9X12 PP A|2450.0
9X14 PP 1.0X100 A|9X14 PP A|2850.0
10X14 PP 1.0X100 A|10X14 PP 1.0X100 A|3200.0
10X14 PP 1.5X100 A|10X14 PP 1.5 A|4650.0
10X14 PP 2.0X100 A|10X14 PP 2.0X100 A|6300.0
10X14 PP 2.0X100 ADHESIVO A|10X14 PP 2.0 ADHESIVO A|7600.0
12X16 PP 1.0X100 A|12X16 PP 1.0 A|4350.0
12X16 PP 1.5X100 A|12X16 PP 1.5 A|6400.0
12X16 PP 2.0X100 A|12X16 PP 2.0 A|8700.0
12X16 PP 2.0X100 ADHESIVO A|12X16 PP 2.0 ADHESIVO A|10600.0
12X18 PP 1.0X100 A|12X18 PP 1.0 A|4900.0
14X18 PP 1.0X100 A|14X18 PP A|5700.0
14X20 PP 1.0X100 A|14X20 PP A|6350.0
15X22 PP 1.0X100 A|15X22 PP A|7450.0
18X24 PP 1.0X100 A|18X24 PP A|9200.0
20X30 PP 1.0X100 A|20X30 PP A|12800.0
C-0 BB (7+2+2X12)X100 A|C-0 A|6000.0
C-1 BB (7X2X2X16)X100 A|C-1 A|7500.0
C-2 BB (10+2.5+2.5X17)X100 A|C-2 A|11300.0
C-3 BB (11+3+3X21)X100 A|C-3 A|15000.0
C-4 BB (12+4+4X23)X100 A|C-4 A|18300.0
C-5 BB (14+3+3X25)X100 A|C-5 A|24500.0
T-15BA X 100 A|T-15BA A|1500.0
T-15NA X 100 A|T-15NA A|1500.0
T-20BA X 100 A|T-20BA A|2000.0
T-20NA X 100 A|T-20NA A|2000.0
T-25BA X 100 A|T-25BA A|2850.0
T-25NA X 100 A|T-25NA A|2850.0
T-30BA X 100 A|T-30BA A|4700.0
T-30NA X 100 A|T-30NA A|4500.0
T-40BA X 100 A|T-40BA A|6000.0
T-40NA X 100 A|T-40NA A|5500.0
T-50BA X 100 A|T-50BA A|9550.0
T-50NA X 100 A|T-50NA A|8700.0
7X9 BLANCA 2.0X100 A|7X9 BLANCA A|4500.0
7X9 NEGRA 2.0X100 A|7X9 NEGRA A|4500.0
7X9 AZUL 2.0X100 A|7X9 AZUL A|4950.0
7X9 AMARILLA 2.0X100 A|7X9 AMARILLA A|4950.0
7X9 VERDE 2.0X100 A|7X9 VERDE A|4950.0
7X9 NARANJA 2.0X100 A|7X9 NARANJA A|4950.0
7X9 ROJA 2.0X100 A|7X9 ROJA A|5000.0
7X9 MORADA 2.0X100 A|7X9 MORADA A|5000.0
7X9 FUCSIA 2.0X100 A|7X9 FUCSIA A|5300.0
7X9 CONFETTY 2.0X100 A|7X9 CONFETTY A|5700.0
8X12 BLANCA 2.0X100 A|8X12 BLANCA A|6700.0
8X12 NEGRA 2.0X100 A|8X12 NEGRA A|6700.0
8X12 AZUL 2.0X100 A|8X12 AZUL A|7350.0
8X12 AMARILLA 2.0X100 A|8X12 AMARILLA A|7350.0
8X12 VERDE 2.0X100 A|8X12 VERDE A|7350.0
8X12 NARANJA 2.0X100 A|8X12 NARANJA A|7350.0
8X12 ROJA 2.0X100 A|8X12 ROJA A|7600.0
8X12 MORADA 2.0X100 A|8X12 MORADA A|7600.0
8X12 FUCSIA 2.0X100 A|8X12 FUCSIA A|8350.0
8X12 CONFETTY 2.0X100 A|8X12 CONFETTY A|8700.0
11X15 BLANCA 2.0X100 A|11X15 BLANCA A|11900.0
11X15 NEGRA 2.0X100 A|11X15 NEGRA A|11900.0
11X15 AZUL 2.0X100 A|11X15 AZUL A|12800.0
11X15 AMARILLA 2.0X100 A|11X15 AMARILLA A|12800.0
11X15 VERDE 2.0X100 A|11X15 VERDE A|12800.0
11X15 NARANJA 2.0X100|11X15 NARANJA A|12800.0
11X15 ROJA 2.0X100 A|11X15 ROJA A|13300.0
11X15 MORADA 2.0X100 A|11X15 MORADA A|13300.0
11X15 FUCSIA 2.0X100 A|11X15 FUCSIA A|14750.0
11X15 CONFETTY 2.0X100 A|11X15 CONFETTY A|14950.0
15X18 BLANCA 2.0X100 A|15X18 BLANCA A|18750.0
15X18 NEGRA 2.0X100 A|15X18 NEGRA A|18750.0
15X18 AZUL 2.0X100 A|15X18 AZUL A|20600.0
15X18 AMARILLA 2.0X100 A|15X18 AMARILLA A|20600.0
15X18 VERDE 2.0X100 A|15X18 VERDE A|20600.0
15X18 NARANJA 2.0X100 A|15X18 NARANJA A|20600.0
15X18 ROJA 2.0X100 A|15X18 ROJA A|21300.0
15X18 MORADA 2.0X100 A|15X18 MORADA A|21300.0
15X18 FUCSIA 2.0X100 A|15X18 FUCSIA A|23500.0
15X18 CONFETTY 2.0X100 A|15X18 CONFETTY A|24400.0
18X24 BLANCA 2.0X100 A|18X24 BLANCA A|30000.0
18X24 NEGRA 2.0X100 A|18X24 NEGRA A|30000.0
18X24 AZUL 2.0X100 A|18X24 AZUL|33000.0
18X24 AMARILLA 2.0X100 A|18X24 AMARILLA A|33000.0
18X24 VERDE 2.0X100 A|18X24 VERDE A|33000.0
18X24 NARANJA 2.0X100 A|18X24 NARANJA A|33000.0
18X24 ROJA 2.0X100 A|18X24 ROJA A|34000.0
18X24 MORADA 2.0X100 A|18X24 MORADA A|34000.0
18X24 FUCSIA 2.0X100 A|18X24 FUCSIA A|37600.0
18X24 CONFETTY 2.0X100 A|18X24 CONFETTYA|39000.0
7X9 CEBRA X100 A|7X9 CEBRA A|4550.0
8X12 CEBRA X100 A|8X12 CEBRA A|6900.0
11X15 CEBRA X100 A|11X15 CEBRA A|11900.0
15X18 CEBRA X100 A|15X18 CEBRA A|19400.0
7X9 BOLAS X100 A|7X9 BOLAS A|4550.0
8X12 BOLAS X100 A|8X12 BOLAS A|6900.0
11X15 BOLAS X100 A|11X15 BOLAS A|11900.0
15X18 BOLAS X100 A|15X18 BOLAS A|19400.0
7X9 CORAZON BCO X100 A|7X9 CORAZON A|4550.0
8X12 CORAZON BCO X100 A|8X12 CORAZON BCO A|6900.0
11X15 CORAZON BCO X100|11X15 CORAZON BCO A|11900.0
15X18 CORAZON BCO X100|15X18 CORAZON BCO A|19400.0
7X9 CORAZON VDE X100|7X9 CORAZON VDE A|4600.0
8X12 CORAZON VDE X100|8X12 CORAZON VDE A|7000.0
11X15 CORAZON VDE X100A|11X15 CORAZON VDE A|12200.0
15X18 CORAZON VDE X100 A|15X18 CORAZON VDE A|19700.0
8X12 DECORADA X100 A|8X12 DECORADA A|6900.0
11X15 DECORADA X100 A|11X15 DECORADA A|11900.0
15X18 DECORADA X100 A|15X18 DECORADA A|19400.0
17.5X18 NAVIDAD X 50 A|17.5X18 NAVIDAD A|11000.0
4X5 TB 2.0 X 500 A|4X5 TB A|4686.0
18X32 CV PP 1.0X100A|18X32 CV PP A|11570.0
7X10 PP 2.0X100 A|7X10 PP 2.0X100 A|2853.0
11X15 NAVIDAD X100 A|11X15 NAVIDAD A|8700.0
8X16 PP 1.0X100 A|8X16 PP A|0.0
4X8 TB 1.0X100 A|4X8 TB A|0.0
14X22 CV PP X100 A|14X22 CV PP X100 A|0.0
26X40 BA 2.0X100 A|26X40 BA A|0.0
T-25BA X 100 (A) A|T-25BA (A) A|0.0
T-30BA X 100 (A) A|T-30BA (A) A|0.0
3X5 TB 1.0X100 A|3X5 TB 1.0X100 A|0.0
6X10 PP 1.0 A|6X10 PP 1.0 A|0.0
6X14 PP 1.0 X100 A|6X14 PP 1.0 X100 A|0.0
2.5X4 PP 1.0 X500 A|2.5X4 PP 1.0 X500 A|0.0
24X34 PAPELERA AZUL|24X34 PAPELERA AZUL|0.0
C-4 NA RECX10|C-4 NA RECX10|0.0
ALUMINIO 6X6 C X100|6X6 C ALUM|0.0
4X6 TB 2.0X500|4X6 TB 2.0X500|6531.0
4X10 PP 1.0 X100 A|4X10 PP 1.0 X100 A|0.0
3X14 TB 2.0 X100|3X14 TB 2.0 A|0.0
7X11 TB 2.0 X100 A|7X11 TB 2.0 X100 A|0.0
8X18 TB 1.0X100 A|8X18 TB 1.0X100 A|0.0
6X10 TB 2.0X100 A|6X10 TB 2.0 A|0.0
5X8 TB 2.0X100 A|5X8 TB 2.0X100 A|0.0
4X6 TB 1.0X500 A|4X6 TB 1.0 X500 A|0.0
28X40 TA X100 A|28X40 TA X100 A|0.0
C-2 VERDE X100|C-2 VERDE X 100 A|0.0
1.5X1.5 CIERRE X100|1.5X1.5 CIERRE X100|0.0
26X40 NA RECX10|26X40 NA RECX100|0.0
C-1 VERDE X100 A|C-1 VERDE X100 A|0.0
24X33 VERDE 2.0X100 A|24X33 VERDE 2.0X100 A|0.0
8X12 NAVIDAD X100 A|8X12 NAVIDAD X100 A|0.0
24X34 ROJA 2.0X100|24X34 ROJA 2.0X100|0.0
24X34 ROJA 2.0X100 A|24X34 ROJA 2.0X100 A|0.0
14X18 TB X100 A|14X18 TB X100 A|0.0
16X16 PP CL 1 ADHESIVO|16X16 PP CL 1 ADHESIVO|8000.0
26X40 ROJA|26X40 ROJA|31685.0
20 NEGRO RECUPERADO|20 NEGRO|0.0
16 NEGRO RECUPERADO|16 NEGRO|0.0
10X18 TA|10X18 TA|2700.0
10X18 NA|10X18 NA|2700.0
6X9 PP 2 X 500|6X9 PP 2.0 CL|0.0
4.5X7 PP 2.0 X 500|4.5X7 PP 2.0 CL|0.0
B IMP 11+3.5+3.5X24 BEIGE FUSION TRIGO|11+3.5+3.5X24 BEIGE FUSION TRIGO|0.0
B IMP 9+3+3X18 BEIGE FUSION TRIGO|9+3+3X18 BEIGE FUSION TRIGO|0.0
18X24 T ROJA SIN MODALIDAD 2A5 AÑOS|18X24 T ROJA SIN MODALIDAD 2A5 AÑOS|0.0
18X24 T VERDE SIN MODALIDAD 12A23 MESES|18X24 T VERDE SIN MODALIDAD 12A23 MESES|0.0
18X27 TA SIN MODALIDAD MADRES GES T AM|18X27 TA SIN MODALIDAD MADRES GES T AM|0.0
18X24 T VERDE FAMILIAR 1A2 AÑOS|18X24 T VERDE FAMILIAR 1A2 AÑOS|0.0
18X24 T ROJA FAMILIAR 3A5 AÑOS|18X24 T ROJA FAMILIAR 3A5 AÑOS|0.0
18X24 T AZUL FAMILIAR 6A11 MESES|18X24 T AZUL FAMILIAR 6A11 MESES|0.0
18X27 T AMARILLA FAMILIAR GEST-LACT|18X27 T AMARILLA FAMILIAR GEST-LACT|0.0
11X17.5 BESITOS JOSEFINOS|11X17.5 BESITOS JOSEFINOS|26.0
15X22.5 BESITOS JOSEFINOS|15X22.5 BESITOS JOSEFINOS|46.0
PREC 8X12 NG REC|8X12 NG REC|6300.0
PREC 10X14 NG REC|10X14 NG REC|6300.0
PREC 12X16 NG REC|12X16 NG REC|6300.0
PREC 14X20 NG REC|14X20 NEG REC|6300.0
PREC 15X22 NG REC|15X22 NG REC|6300.0
PREC 16X24 NG REC|16X24 NG REC|6300.0
PREC 18X24 NG REC|18X24 NG REC|6300.0
PREC 20X30 NG REC|20X30 NG REC|6300.0
PREC 26X40 NG REC|26X40 NG REC|6300.0
PREC 31X50 NG REC|31X50 NG REC|6300.0
PREC 8X12 TTE|PREC 8X12 TTE|9000.0
PREC 10X14 TTE|PREC 10X14 TTE|9000.0
PREC 12X16 TTE|PREC 12X16 TTE|9000.0
PREC 14X20 TTE|PREC 14X20 TTE|9000.0
PREC 15X22 TTE|PREC 15X22 TTE|9000.0
PREC 16X24 TTE|PREC 16X24 TTE|9000.0
PREC 18X24 TTE|PREC 18X24 TTE|9000.0
PREC 20X30 TTE|PREC 20X30 TTE|9000.0
PREC 4X6 BCO ORIG|4X6 BCO ORIG|12870.0
PREC 7X10 BCO ORIG|7X10 BCO ORIG|12870.0
PREC 8X12 BCO ORIG|8X12 BCO ORIG|12870.0
PREC 10X14 BCO ORIG|10X14 BCO ORIG|12870.0
PREC 12X16 BCO ORIG|12X16 BCO ORIG|12870.0
PREC 14X20 BCO ORIG|14X20 BCO ORIG|12870.0
PREC 15X22 BCO ORIG|15X22 BCO ORIG|12870.0
PREC 16X24 BCO ORIG|16X24 BCO ORIG|12870.0
PREC 18X24 BCO ORIG|18X24 BCO ORIG|12870.0
PREC 24X34 BCO ORIG|24X34 BCO ORIG|12870.0
PREC 26X40 BCO ORIG|26X40 BCO ORIG|12870.0
PREC 20X30 BCO ORIG|20X30 BCO ORIG|12870.0
PREC 4X6 NG ORIG|4X6 NG ORIG|11700.0
PREC 6X8 NG ORIG|6X8 NG ORIG|11700.0
PREC 7X10 NG ORIG|7X10 NG ORIG|11700.0
PREC 8X12 NG ORIG|8X12 NG ORIG|11700.0
PREC 10X14 NG ORIG|10X14 NG ORIG|11700.0
PREC 12X16 NG ORIG|12X16 NA ORIG|11700.0
PREC 14X20 NG ORIG|14X20 NG ORIG|11700.0
PREC 15X22 NG ORIG|15X22 NG ORIG|11700.0
PREC 16X24 NG ORIG|16X24 NG ORIG|11700.0
PREC 18X24 NG ORIG|18X24 NG ORIG|11700.0
PREC 20X30 NG ORIG|20X30 NG ORIG|11700.0
PREC 24X34 NG ORIG|24X33 NG ORIG|11700.0
PREC 26X40 NG ORIG|26X40 NG ORIG|11700.0
PREC 7X10 TTE ORIG|7X10 TTE ORIG|11700.0
PREC 8X12 TTE ORIG|8X12 TTE ORIG|11700.0
PREC 10X14 TTE ORIG|10X14 TTE ORIG|6800.0
PREC 12X16 TTE ORIG|12X16 TTE ORIG|6800.0
PREC 14X20 TTE ORIG|14X20 TTE ORIG|6800.0
PREC 15X22 TTE ORIG|15X22 TTE ORIG|6800.0
PREC 16X24 TTE ORIG|16X24 TTE ORIG|6800.0
PREC 18X24 TTE ORIG|18X24 TTE ORIG|6800.0
PREC 24X333 TTE|PREC 24X333 TTE|9000.0
PREC PLUS 20X25|PLUS 20X25|17400.0
PREC PLUS 24X34|PLUS 24X34|27100.0
PREC 24X34 NG REC|24X33 NG REC.|4000.0
PREC 10X14 BCO REC|10X14 BCO REC|0.0
PREC 12X16 BCO REC|12X16 BCO REC|0.0
PREC 6X8 BCO ORIG|6X8 BCO ORIG|12870.0
PREC 14X20 BCO REC|14X20 BCO PREC|0.0
PREC 15X22 BCO REC|15X22 BCO REC|0.0
PREC 16X24 BCO REC|16X24 BCO REC|0.0
PREC 18X24 BCO REC|18X24 BCO REC|0.0
PREC 20X30 BCO REC|20X30 BCO REC|0.0
PREC 24X34 BCO REC|PREC 24X34 BCO REC|0.0
PREC 26X40 BCO REC|26X40 BCO REC|0.0
PREC 4X6 BCO REC|4X6 BCO REC|0.0
PREC 6X8 BCO REC|6X8 BCO REC|0.0
PREC 7X10 BCO REC|7X10 BCO REC|0.0
PREC 8X12 BCO REC|8X12 BCO REC|0.0
PREC PLUS 20X25 A|PREC PLUS 20X25 A|0.0
PREC PLUS 24X34 A|PREC PLUS 24X34 A|0.0
BANDEJA 1 X500|1 X500|34000.0
BANDEJA 1-15X500|1-15 X500|47340.0
BANDEJA 3 X500|3 X500|49170.0
BANDEJA 5 X500|5 X500|77820.0
BANDEJA 4 X500|4 X500|92600.0
BANDEJA 7 X500|7 X500|64600.0
BANDEJA B 7-1 X500|B 7-1 X500|71700.0
BANDEJA N 7 X500|N 7 X500|83840.0
BANDEJA 8 X500|8 X500|118610.0
BANDEJA 10 X500|10 X500|101100.0
BANDEJA 17 X500|17 X500|52700.0
BANDEJA 11-2X500|11-2 X500|66300.0
PORTACOMIDA B C-1 X500|C-1 B X500|76540.0
BANDEJA 12-1 X500|12-1 X500|60290.0
PORTACOMIDA B J-1 X200|J-1 B X200|47090.0
PORTACOMIDA B J-2 X200|J-2 B X200|47090.0
PORTACOMIDA K-1 X200|K-1 X200|42250.0
PORTACOMIDA P-1 X200|P-1 X200|55340.0
PORTACOMIDA P-3 X200|P-3 X200|55340.0
PORTACOMIDA N J-2 X200|J-2 N X200|73300.0
PORTACOMIDA N C-1 X500|C-1 N X500|126850.0
PORTACOMIDA N J-1 X200|J-1 N X200|87830.0
PALILLO EL SOL X144|PALILLO EL SOL X144|550.0
PALILLO DISPLAY (SOL)|PALILLO DISPLAY (SOL)|1250.0
PALILLO HAMBURGUERSA X200|PALILLO HAMBURGUERSA X200|1130.0
PITILLO ECONOMICO X100|PITILLO ECONOMICO X100|360.0
PITILLO ENVUELTO (PAJITA) X50|PITILLO ENVUELTO (PAJITA) X50|3750.0
PITILLO ENVUELTO (LASTRA) X50|PITILLO ENVUELTO (LASTRA) X50|3890.0
PITILLO JUMBO GRANIZADO X16|PITILLO JUMBO GRANIZADO X16|14440.0
PITILLO FLEXIBLE X40|PITILLO FLEXIBLE X40|7450.0
PITILLO GRANIZADO CAÑITA FLUORECENTE X16|PITILLO GRANIZADO CAÑITA FLUORECENTE X16|9180.0
PITILLO GRANIZADO CUCHARITA X28|PITILLO GRANIZADO CUCHARITA X28|9700.0
PALO PALETA CORTO IBERICO|PALO PALETA CORTO IBERICO|12250.0
PALO PALETA LARGO IBERICO|PALO PALETA LARGO IBERICO|12650.0
PALO CHUZO X40|PALO CHUZO X40|3600.0
PALO PALETA CORTO CHEVERE X10 PAQ|PALO PALETA CORTO CHEVERE X10 PAQ|13200.0
PALO PALETA LARGO CHEVERE X10 PAQ|PALO PALETA LARGO CHEVERE X10 PAQ|14200.0
PALO PALETA LARGO EL SOL|PALO PALETA LARGO EL SOL|16860.0
PALO PALETA LARGO PANDA|PALO PALETA LARGO PANDA|19450.0
PALO PINCHO #20 (SOL) CAJA X50 PAQ|PALO PINCHO #20 (SOL) CAJA X50 PAQ|1470.0
PALO PINCHO #25 (IBERICO) CAJA X100 PAQ|PALO PINCHO #25 (IBERICO) CAJA X100 PAQ|1600.0
PALO PINCHO #25 (SOL) DELGADO CAJA X50 PAQ|PALO PINCHO #25 (SOL) DELGADO CAJA X50 PAQ|1820.0
PALO PINCHUZO #25 (IBERICO) GRUESO CAJA X100 PAQ|PALO PINCHUZO #25 (IBERICO) GRUESO CAJA X100 PAQ|2400.0
PALO PINCHUZO # 25 GRUESO (SOL) CAJA X50 PAQ|PALO PINCHUZO # 25 GRUESO (SOL) CAJA X50 PAQ|2500.0
PALO PINCHO #30 (IBERICO) DELGADO CAJA X100 PAQ|PALO PINCHO #30 (IBERICO) DELGADO CAJA X100 PAQ|1800.0
PALO PINCHO N.30 DELGADO (SOL) CAJA X50 PAQ|PALO PINCHO N.30 DELGADO (SOL) CAJA X50 PAQ|2165.0
PALO PINCHUZO #30 (IBERICO) CAJA X100 PAQ|PALO PINCHUZO #30 (IBERICO) CAJA X100 PAQ|2700.0
PALO PIUNCHUZO #30 GRUESO (SOL) CAJA X50 PAQ|PALO PIUNCHUZO #30 GRUESO (SOL) CAJA X50 PAQ|3585.0
MEZCLADOR MADERA CORTO X24|MEZCLADOR MADERA CORTO X24|7540.0
MEZCLADOR MADERA LARGO X24|MEZCLADOR MADERA LARGO X24|9900.0
MEZCLADOR MADERA PLANO CORTO X25 PAQ FESTIVAL|MEZCLADOR MADERA PLANO CORTO X25 PAQ FESTIVAL|4510.0
MEZCLADOR MADERA PLANO CORTO (CHEVERE) X100 PAQ|MEZCLADOR MADERA PLANO CORTO (CHEVERE) X100 PAQ|3700.0
MEZCLADOR PLANO CORTO (IBERICO) X25 PAQ|MEZCLADOR PLANO CORTO (IBERICO) X25 PAQ|3700.0
MEZCLADOR BLANCO ECO X30|MEZCLADOR BLANCO ECO X30|1070.0
MEZCLADOR PAJITA X30|MEZCLADOR PAJITA X30|1565.0
MEZCLADOR LICOR X40|MEZCLADOR LICOR X40|11340.0
MEZCLADOR FINO (LAS) X48|MEZCLADOR FINO (LAS) X48|2180.0
MEZCLADOR ENVUELTO INDIVIDUAL|MEZCLADOR ENVUELTO INDIVIDUAL|5150.0
GUANTES X100|GUANTES X100|1530.0
DELANTAL|DELANTAL|9550.0
FIBRA X12|FIBRA X12|8700.0
GRAPA X30 CAFÉ|GRAPA X30 CAFÉ|8260.0
GRAPA X30 NEGRA|GRAPA X30 NEGRA|7530.0
GRAPA NEGRA ECO|GRAPA NEGRA ECO|6750.0
ZUNCHO X2000 MT FINO|ZUNCHO X2000 MT FINO|93700.0
ZUNCHO X2000 MT|ZUNCHO X2000 MT|73500.0
IMPEERMEABLE|IMPEERMEABLE|2750.0
SALSEROS|SALSEROS|730.0
BOLSA PAPELERA OLOR|BOLSA PAPELERA OLOR|4300.0
ENVASE 60 ML|ENVASE 60 ML|1100.0
ENVASE 120 ML|ENVASE 120 ML|1200.0
ENVASE 250 ML|ENVASE 250 ML|1450.0
POOPY FRSCH|POOPY FRSCH|10000.0
MEZCLADOR ENVUELTO NEGRO|MEZCLADOR ENVUELTO NEGRO|4800.0
MEZCLADOR PLANO LARGO MADERA (FESTIVAL) X25 PAQ|MEZCLADOR PLANO LARGO MADERA (FESTIVAL) X25 PAQ|4600.0
MEZCLADOR MADERA LARGO (CHEVERE) X50 PAQ|MEZCLADOR MADERA LARGO (CHEVERE) X50 PAQ|4050.0
PALO PALERA CORTO EL SOL PAQ X100|PALO PALERA CORTO EL SOL PAQ X100|1980.0
MEZCLADORA MADERA CORTO X500|MEZCLADORA MADERA CORTO X500|4000.0
MEZCLADOR MADERA CORTO REDONDO X100 IBERICO|MEZCLADOR MADERA CORTO REDONDO X100 IBERICO|8200.0
MOLDE JUNIOR (021) X20 (X40 PAQ)|MOLDE JUNIOR (021) X20 (X40 PAQ)|3565.0
MOLDE 031 X20 (30 PAQ)|MOLDE 031 X20 (30 PAQ)|5250.0
MOLDE 041 X20 (20 PAQ)|MOLDE 041 X20 (20 PAQ)|6598.0
MOLDE 32 XUND|MOLDE 32 XUND|400.0
MOLDE 051|MOLDE 051|8820.0
MOLDE 061 UND|MOLDE 061 UND|1458.0
MOLDE 071 UND|MOLDE 071 UND|1957.0
MOLDE 081 UND|MOLDE 081 UND|5326.0
MOLDE CUPCAKE|MOLDE CUPCAKE|7663.0
TAPA MOLDE CARTON 021 X20|TAPA MOLDE CARTON 021 X20|800.0
TAPA MOLDE CARTON031 X20|TAPA MOLDE CARTON031 X20|1340.0
TAPA MOLDE 041 CARTON X20|TAPA MOLDE 041 CARTON X20|2180.0
TAPA MOLDE CARTON ZOE 031 X20|TAPA MOLDE CARTON ZOE 031 X20|1340.0
MOLDE 015|MOLDE 015|8000.0
CUCHARA GRANDE SURAPLAST|CUBIERTOS GRANDE SURAPLAST X60|4000.0
TENEDOR PEQUEÑO SURAPLAST|CUBIERTO PEQUEÑO SURAPLAST X120|2150.0
PALITAS SURAPLAST|PALITAS SURAPLAST X34|8470.0
TRIFASICO SIN SERVILLETA SURAPLAT|TRIFASICO SIN SERVILLETA SURAPLAT X28|9000.0
TRIFASICO CON SERVILLETA SURAPLAST|TRIFASICO CON SERVILLETA SURAPLAST X28|10450.0
TRIFASICO NEGRO CON SERVILLETA SURAPLAST|TRIFASICO NEGRO CON SERVILLETA SURAPLAST X28|8600.0
CUCHARA PEQUEÑA SURAPLAST|CUCHARA PEQUEÑA SURAPLAST|2150.0
TENEDOR GRANDE SURAPLAST|TENEDOR GRANDE SURAPLAST|4000.0
CUCHILLO SURAPLAST|CUCHILLO SURAPLAST|4000.0
TENEDOR GRANDE IBERICO|CUBIERTOS GRANDES EUROPEOS X50|4000.0
TENEDOR PEQUEÑO IBERICO|CUBIERTOS PEQUEÑOS X100|2150.0
TRIFASICO SIN SERVILLTA EUROPEO X28|TRIFASICO SIN SERVILLTA EUROPEO X28|9980.0
TRIFASICO CON SERVILLETA EUROPEO X28|TRIFASICO CON SERVILLETA EUROPEO X28|11830.0
CUCHARA GRANDE IBERICA|CUCHARA GRANDE IBERICA|4000.0
CUCHARA PEQUEÑA IBERICA|CUCHARA PEQUEÑA IBERICA|2150.0
CUCHARA GRANDE X20 (50 PAQ)|CUCHARA GRANDE X20 (50 PAQ)|1400.0
CUCHARA DULCERA X20 PEQUEÑA (50 PAQ)|CUCHARA DULCERA X20 PEQUEÑA (50 PAQ)|1240.0
TENEDOR GRANDE X20 (50 PAQ)|TENEDOR GRANDE X20 (50 PAQ)|1100.0
CUCHILLO X20|CUCHILLO X20|1000.0
CUCHARA DULCERA PEQ X100 (X10 PAQ)|CUCHARA DULCERA PEQ X100 (X10 PAQ)|3700.0
CUCHARA GRANDE X20 IBERICA|CUCHARA GRANDE X20 IBERICA|1350.0
SET TENEDOR CUCHILLO Y SERVILLETA|SET TENEDOR CUCHILLO Y SERVILLETA|128500.0
SET TRIFASICO NEGRO Y SERVILLETA|SET TRIFASICO NEGRO Y SERVILLETA|249650.0
SET TENEDOR Y SERVILLETA (TAMI)|SET TENEDOR Y SERVILLETA (TAMI)|75000.0
SET TENEDOR Y CUHILLO (TAMI)|SET TENEDOR Y CUHILLO (TAMI)|110980.0
ALUMINIO 5X8 X100|5X8 ALUM|2400.0
ALUMINIO 6X6 A X100|6X6 ALUM|1650.0
ALUMINIO 6X9 X100|6X9 ALUM|2750.0
ALUMINIO 7X8 X100|7X8 ALUM|2750.0
ALUMINIO 7X10 X100|7X10 ALUM|3500.0
ALUMINIO 8X10 X100|8X10 ALUM|3650.0
ALUMINIO 8X12 X100|8X12 ALUM|4550.0
ALUMINIO 10X14 X100|10X14 ALUM|6250.0
ALUMINIO 12X16 X100|12X16 ALUM|9100.0
ALUMINIO 14X18 X100|14X18 ALUM|12600.0
ALUMINIO 15X22 X100|15X22 ALUM|16450.0
ALUMINIO PIZZA X100|PIZZA ALUM|4200.0
ALUMINIO 9X12 X100|9X12 ALUM|5000.0
ALUMINIO X 7MTS|ALUMINIO X7|2000.0
ALUMINIO X 16MTS|ALUMINIO X16|4150.0
ALUMINIO X 40MTS|ALUMINIO X40|8000.0
ALUMINIO X 100MTS|ALUMINIO X100|21150.0
ALUMINIO X 300MTS|ALUMINIO X300|64350.0
ALUMINO 5X14 X100|ALUMINIO 5X14|4000.0
VINIPEL X 100MTS|VINIPEL X100|4000.0
VINIPEL X 300MTS|VINIPEL X300|10300.0
VINIPEL X 1500MTS CORTO|VINIPEL X1500 CORTO|142950.0
VINIPEL X 100MTS CORTO|VINIPEL X100 CORTO|3000.0
VINIPEL X 50MTS|VINIPEL X50F|2700.0
VINIPEL X 300MTS CORTO|VINIPEL X300 CORTO|6700.0
VINIPEL X 50MTS CORTO|VINIPEL X50 CORTO|0.0
VINIPEL X 500MTS|VINIPEL X500F|14000.0
VINIPEL X 1500MTS LARGO|X1500 LARGO LARGO|120050.0
YODADO X 100MTS|YODADO X100|3600.0
PRE 8X12 TA X1000|PRE 8X12 TA X1000|14300.0
PRE 10X14 TA X1000|PRE 10X14 TA X1000|19800.0
PRE 12X16 TA X1000|PRE 12X16 TA X1000|29700.0
PRE 14X20 TA X1000|PRE 14X20 TA X1000|49450.0
T-40 NA RECUPERADA|T-40 NA RECUPERADA|71900.0
T- 50 NA RECUPERADA|T- 50 NA RECUPERADA|93000.0
